2.900000000000000000e+01 2.400000000000000000e+01 2.300000000000000000e+01 2.700000000000000000e+01 2.800000000000000000e+01 3.300000000000000000e+01 2.800000000000000000e+01 2.500000000000000000e+01 2.500000000000000000e+01 2.400000000000000000e+01 2.500000000000000000e+01 3.400000000000000000e+01 2.400000000000000000e+01 2.700000000000000000e+01 4.200000000000000000e+01 2.500000000000000000e+01 1.900000000000000000e+01 2.100000000000000000e+01 2.600000000000000000e+01 3.600000000000000000e+01 2.400000000000000000e+01 2.100000000000000000e+01 2.500000000000000000e+01 1.100000000000000000e+01 2.400000000000000000e+01 2.700000000000000000e+01 2.200000000000000000e+01 2.300000000000000000e+01 3.200000000000000000e+01 2.000000000000000000e+01 2.800000000000000000e+01 2.900000000000000000e+01 2.300000000000000000e+01 2.400000000000000000e+01 2.300000000000000000e+01 3.700000000000000000e+01 1.700000000000000000e+01 2.200000000000000000e+01 3.000000000000000000e+01 2.300000000000000000e+01
2.799679041153285652e+01 2.307642736606067047e+01 2.647619096213020384e+01 2.772410159115679562e+01 2.666298938891850412e+01 2.511223472002893686e+01 2.778479527088347822e+01 2.963369386456906796e+01 2.564029642380774021e+01 2.524577298201620579e+01 2.793125965551007539e+01 3.261898717377334833e+01 2.341759243747219443e+01 2.442390182788949460e+01 2.432052835333161056e+01 2.617634664848446846e+01 2.455348899960517883e+01 2.810171411372721195e+01 2.454210545425303280e+01 2.378509204508736730e+01 2.477380922692827880e+01 2.520732859196141362e+01 1.793313650297932327e+01 2.367056348570622504e+01 2.477533041429705918e+01 2.535639796219766140e+01 2.574786335357930511e+01 2.684100386127829552e+01 2.479421944171190262e+01 2.731727392040193081e+01 2.189640891936141998e+01 2.639845970063470304e+01 2.858698041550815105e+01 3.001895783550571650e+01 2.140332888159900904e+01 2.858220945775974542e+01 3.103363909886684269e+01 2.639576418884098530e+01 2.344827573338989168e+01 3.227668597293086350e+01
2.477147025058061303e+01 2.579147898983939413e+01 2.660659171817042790e+01 2.379393541948563495e+01 2.438892654398678417e+01 2.455927495699101115e+01 2.653595564673951657e+01 2.719903176670392497e+01 2.796046020268536125e+01 2.682104068842726008e+01 2.876636532242164535e+01 2.692575486790457617e+01 2.397828156847325332e+01 2.532112977024541323e+01 2.554902931742002181e+01 2.319889358397366408e+01 2.430801731027773016e+01 2.525512708675920948e+01 2.643226536307950525e+01 2.569699628224674726e+01 2.819731704618379098e+01 2.247396731815535631e+01 2.378677057410046558e+01 2.506247569775832318e+01 2.534228685013861337e+01 2.594368872354205280e+01 2.860418736129063433e+01 2.668296739598888934e+01 2.758344155211057114e+01 2.489642123199697110e+01 3.016574390122120164e+01 2.514550292385083807e+01 2.420252663495887546e+01 2.856360384382377404e+01 2.589584209269302306e+01 2.306195726153949010e+01 2.663024321572294539e+01 2.604375129505869424e+01 2.830195617383717277e+01 2.780745170327241311e+01
2.742883931379109086e+01 2.386738403390929264e+01 2.650097938129960795e+01 2.534117496139490555e+01 2.477894723452077130e+01 2.510640065478581562e+01 2.523149146179919455e+01 2.604964821186865009e+01 2.748661634081335947e+01 2.449162787814215747e+01 2.621265007894775323e+01 2.613800290128950721e+01 2.571642173734067782e+01 2.672250215412528007e+01 2.725602034686302488e+01 2.412317832670137463e+01 2.538478859905094964e+01 2.750141930082548214e+01 2.473713228592534463e+01 2.775683012265600524e+01 2.516586615097725499e+01 2.435193768158563898e+01 2.524948179354328204e+01 2.438658093774138891e+01 2.590498389273432878e+01 2.422959150344795631e+01 2.665225761790698300e+01 2.523521665694074301e+01 2.617069256288052514e+01 2.472594108531593804e+01 2.756346292298944434e+01 2.719956894313182261e+01 2.522508587518632339e+01 2.610085530215033245e+01 2.610809345110754620e+01 2.929297992451612487e+01 2.527025027221344189e+01 2.567322032183206559e+01 2.802945628094785491e+01 2.514372728319410299e+01
2.776505987100770056e+01 2.447428256518010770e+01 2.627812379086905281e+01 2.611985122422049699e+01 2.598600424946785736e+01 2.563315253891119738e+01 2.638590120605613976e+01 2.770910203690026208e+01 2.575526128334460196e+01 2.497114862457153706e+01 2.654308694242484634e+01 2.703341760276129691e+01 2.433328184263782390e+01 2.488003625096749261e+01 2.648069946119927209e+01 2.522240790342841876e+01 2.602253978868322193e+01 2.617088761034299083e+01 2.515630786854701739e+01 2.641038976644700398e+01 2.543342774946835760e+01 2.544114513547572898e+01 2.458664623634050272e+01 2.428924475958836737e+01 2.491342155691095428e+01 2.498671897014330767e+01 2.545709309399896370e+01 2.721097812325331233e+01 2.568960282689813823e+01 2.596399514963502497e+01 2.556707259801254395e+01 2.704018225531685715e+01 2.633621424713147263e+01 2.645994794296955277e+01 2.560984939734332499e+01 2.737866085605107003e+01 2.708378674995385893e+01 2.490603397753138992e+01 2.599744998956368391e+01 2.753656553086375425e+01
2.605541729146708363e+01 2.548844659718155725e+01 2.644352782566364723e+01 2.595524061256753612e+01 2.517473128938626559e+01 2.497314367730364992e+01 2.656247566520458747e+01 2.682451432421891013e+01 2.618070869163170755e+01 2.580643929057864838e+01 2.740647401494041446e+01 2.656282902496901954e+01 2.472632089126880572e+01 2.510094407014364748e+01 2.578090349411080595e+01 2.506787432019496364e+01 2.503332418506098023e+01 2.584748300619624573e+01 2.600162277077536288e+01 2.550185884466147712e+01 2.634729961816291421e+01 2.536554595875952600e+01 2.446264277973482137e+01 2.513213869210300189e+01 2.534818584294489341e+01 2.580703953523857308e+01 2.632780127991865626e+01 2.599746181602017359e+01 2.688530597239800812e+01 2.589539037952184231e+01 2.704523311019754317e+01 2.567252993539338135e+01 2.559904815645377596e+01 2.673141534089572247e+01 2.505636209709924955e+01 2.575037956776711212e+01 2.706711241180169480e+01 2.545957835603704922e+01 2.664115593312853747e+01 2.713622798503334010e+01
2.642030552629832840e+01 2.550246566592884534e+01 2.627655905666482283e+01 2.531433387744394992e+01 2.514111832049496442e+01 2.513453907517247643e+01 2.560971638525904837e+01 2.631874290729286514e+01 2.652762048588813570e+01 2.567655074309522334e+01 2.643431394555866021e+01 2.587596977077973293e+01 2.556532834893022965e+01 2.589569737528023907e+01 2.625817692609800957e+01 2.487493411732209125e+01 2.532667866242793764e+01 2.670833854450226852e+01 2.547626162357386193e+01 2.617865711820218166e+01 2.627249773325429416e+01 2.491276058631502721e+01 2.523535675284011859e+01 2.551877257910301111e+01 2.586733145190007122e+01 2.530326550495581728e+01 2.636391083224284415e+01 2.567046236290422456e+01 2.610850492243657328e+01 2.526928605532230776e+01 2.711472461906405584e+01 2.593882845536152360e+01 2.527434929311790768e+01 2.602381163389663143e+01 2.558592148416774847e+01 2.693642493275261529e+01 2.591034680456923667e+01 2.596564241901136327e+01 2.715732803612158008e+01 2.607755576185833490e+01
2.697602599565622228e+01 2.509116138590093215e+01 2.613810891950314641e+01 2.569758282205361510e+01 2.569526811568240277e+01 2.563176525831509878e+01 2.572651614753593208e+01 2.675156507377096204e+01 2.587080506432472049e+01 2.530305892591044525e+01 2.628836622210809537e+01 2.604255173001041612e+01 2.548655344189867122e+01 2.577951744569829629e+01 2.653742545490920435e+01 2.529556433346830602e+01 2.586670814563569465e+01 2.621465688929652416e+01 2.532538548781613841e+01 2.618832893049007282e+01 2.557871642817543290e+01 2.534279132610343055e+01 2.555508278552239432e+01 2.517899760924621688e+01 2.552502995917460282e+01 2.520015038539834862e+01 2.565942715245552108e+01 2.639167879671829908e+01 2.581777664891986390e+01 2.557502909362884225e+01 2.611565754412409390e+01 2.629994209503895775e+01 2.580121582460010643e+01 2.585700430840093489e+01 2.599964919860232726e+01 2.694793028523906742e+01 2.626003102696256519e+01 2.552114491484564951e+01 2.629689203793750707e+01 2.650496416864973526e+01
2.626086688159963956e+01 2.540111236754789203e+01 2.621224320284850506e+01 2.608154321425987376e+01 2.566266904370782242e+01 2.558732776768240313e+01 2.606533770975793729e+01 2.656093652057401044e+01 2.573940799814115366e+01 2.559511505403486353e+01 2.668920049788446391e+01 2.609903299381453934e+01 2.520865492101526684e+01 2.540975866098991176e+01 2.593477753810685016e+01 2.556563993033119431e+01 2.558978744088818047e+01 2.589764977845675986e+01 2.572359255945118406e+01 2.565540920064723451e+01 2.588714300395438173e+01 2.571439896391056124e+01 2.524348260504975627e+01 2.527420760905965125e+01 2.542901333641887263e+01 2.566468748536165734e+01 2.575702480542397765e+01 2.618110319669991881e+01 2.630184334809964497e+01 2.585237225711031073e+01 2.634699305850084272e+01 2.582047235812509456e+01 2.597203348362413777e+01 2.606143259112548094e+01 2.556135301690558492e+01 2.612799079784291578e+01 2.665812152418852321e+01 2.547669741046646052e+01 2.625352437165184938e+01 2.670247963043004091e+01
2.615045903201718502e+01 2.570916354038514839e+01 2.616244477361649601e+01 2.571590892017293584e+01 2.543731530901097670e+01 2.544678814683336654e+01 2.577388882658494396e+01 2.624417847678004279e+01 2.598593604308175031e+01 2.586544432567786345e+01 2.637267915233562121e+01 2.580801250494985055e+01 2.549445385135650355e+01 2.568612927797396139e+01 2.597941982825030038e+01 2.542270886508556060e+01 2.543707310282829326e+01 2.624073445168077612e+01 2.572593382337030832e+01 2.573875832938229635e+01 2.622383953383161526e+01 2.547940573593942659e+01 2.534076816550202693e+01 2.563613157265573506e+01 2.570324165013792594e+01 2.573778908544605315e+01 2.598539715988709986e+01 2.581035442140817082e+01 2.618923992392672773e+01 2.560345031872634181e+01 2.664349466884512907e+01 2.567387172770389725e+01 2.562736825131338847e+01 2.590102693386701560e+01 2.555999056675898728e+01 2.633202278443836519e+01 2.610329905119967719e+01 2.585348987082598171e+01 2.659479693619586982e+01 2.618715743112168326e+01
2.647582543337657768e+01 2.553508527533859507e+01 2.606708830437419522e+01 2.567967147453695276e+01 2.559412514855013754e+01 2.564151050699445733e+01 2.562573368717829680e+01 2.634897981697736213e+01 2.584716463890933369e+01 2.566935561826252155e+01 2.615335217085038977e+01 2.575928866826455277e+01 2.569988982965192292e+01 2.591638943422983132e+01 2.627591607170067078e+01 2.545382937352752606e+01 2.569315013518663449e+01 2.620598004166160067e+01 2.553587963973090069e+01 2.591165630569254574e+01 2.586270533017741258e+01 2.545774615202719815e+01 2.565811685993190139e+01 2.561189504009265860e+01 2.570405006880913135e+01 2.553809049875653869e+01 2.575714838215738922e+01 2.605433031235349972e+01 2.589934389511839186e+01 2.555451813879374967e+01 2.619702629520023862e+01 2.588785284317854618e+01 2.571152842449887999e+01 2.572644324286465434e+01 2.590806686998211816e+01 2.655283692113077976e+01 2.603868392747871852e+01 2.582386549118957930e+01 2.628628625787037265e+01 2.618311412621267920e+01
2.625073844670773937e+01 2.550344344897306215e+01 2.608191769100667656e+01 2.595786934070229535e+01 2.572309972519799715e+01 2.576491646858564266e+01 2.579202147558405045e+01 2.634348227678773213e+01 2.567880007607666215e+01 2.565417949607912362e+01 2.631886286609442038e+01 2.584194457630353625e+01 2.555809280329317090e+01 2.571976915640900785e+01 2.605091713622198313e+01 2.564860520531394883e+01 2.572887052051856926e+01 2.595489658660744681e+01 2.563314510941036417e+01 2.573515593097139842e+01 2.581433280349315496e+01 2.570222589298621330e+01 2.562056673680474006e+01 2.551540396934874266e+01 2.557871063954886992e+01 2.565655762079756030e+01 2.565281970327156813e+01 2.614653564733632862e+01 2.605062018112956324e+01 2.573076273597255081e+01 2.611918391792600147e+01 2.581224696087832271e+01 2.594647933036518594e+01 2.578952665758862750e+01 2.583669945970270376e+01 2.617562761964823181e+01 2.631138239592071670e+01 2.567042294095453414e+01 2.611203038826481659e+01 2.637260218861250394e+01
2.606313254854453731e+01 2.569038208589757488e+01 2.608212727303711276e+01 2.589550807402919119e+01 2.562712468336342653e+01 2.568290591381428456e+01 2.577848295595126160e+01 2.616356865951642519e+01 2.575746715177539414e+01 2.584303475122369775e+01 2.625621818195807222e+01 2.576737433058244520e+01 2.556356360130089911e+01 2.571311250517761238e+01 2.593076239899602342e+01 2.565740041549191730e+01 2.559735983076867782e+01 2.604116178648845548e+01 2.573591350869115502e+01 2.565842615084240563e+01 2.605420465059058444e+01 2.570484859762215279e+01 2.554124249562220683e+01 2.565681114702067234e+01 2.564901183116706562e+01 2.581003587036094160e+01 2.577467840478421479e+01 2.592647487665804462e+01 2.612426429591855737e+01 2.571096322023974068e+01 2.631653064459938562e+01 2.566623454375031343e+01 2.583713602238945839e+01 2.579670383388016575e+01 2.570363381569629269e+01 2.611689405759727833e+01 2.613966978079949399e+01 2.580135852931805118e+01 2.627181749999688520e+01 2.617337653128726060e+01
2.619870084079588679e+01 2.570097831107838005e+01 2.602895650717002951e+01 2.577751373592272444e+01 2.562012932877502536e+01 2.570664348129423971e+01 2.566438384108924708e+01 2.615464505268940343e+01 2.577949461719761359e+01 2.582603015991576001e+01 2.609156636911184535e+01 2.569820620461241134e+01 2.570843772744277800e+01 2.588165933958854481e+01 2.608480864608795002e+01 2.561322961038113633e+01 2.564955987572933083e+01 2.611512118614653488e+01 2.566558571714697479e+01 2.575438603236299073e+01 2.597468902307083027e+01 2.562021766567214343e+01 2.567097329749125834e+01 2.573878093797837963e+01 2.571951153432472026e+01 2.573804112011840317e+01 2.575739222048830612e+01 2.594523249863769010e+01 2.596504789231111943e+01 2.563123493773105110e+01 2.617270627436602837e+01 2.572392036158592177e+01 2.577120814914817259e+01 2.571066462526586349e+01 2.584141009087566587e+01 2.627409742375977686e+01 2.599136543500793550e+01 2.588507417453039139e+01 2.620459581641427604e+01 2.606699169096224722e+01
2.617090606530661034e+01 2.563455301390826335e+01 2.601559046688672083e+01 2.588289990328844326e+01 2.570744694697345523e+01 2.580070547001890446e+01 2.569800517899275505e+01 2.618264156166063117e+01 2.569621243041847691e+01 2.575862581883636082e+01 2.612775514061042870e+01 2.573042477089269653e+01 2.570353623194289838e+01 2.585201339236602891e+01 2.605583595561327215e+01 2.568463295442838401e+01 2.572970436128504090e+01 2.599232284554761918e+01 2.565220039788255946e+01 2.574098280465173971e+01 2.585940577683977182e+01 2.570010738819747687e+01 2.573487215038712606e+01 2.568284824747955142e+01 2.567387010057121444e+01 2.572202054661206461e+01 2.567324785228863959e+01 2.605069958302277655e+01 2.596318420288483253e+01 2.568558823990145612e+01 2.604374730454260600e+01 2.575893187216344771e+01 2.588963492640176867e+01 2.570483888262591066e+01 2.589839024144897195e+01 2.614744000995495554e+01 2.610712025972907924e+01 2.580560312167154535e+01 2.606043120884113407e+01 2.616272780649774887e+01
2.603681552801878851e+01 2.569219033229536109e+01 2.602163131009045571e+01 2.592319521278511729e+01 2.570457197809898631e+01 2.579170482071137727e+01 2.574192165782719854e+01 2.610140200656543286e+01 2.569385915501283080e+01 2.582740058596063903e+01 2.614202309408111091e+01 2.573370617525495874e+01 2.566170659336054882e+01 2.579065956509115409e+01 2.594655589944305518e+01 2.573340839089526355e+01 2.568992606746926199e+01 2.597152090252149037e+01 2.571660496957379394e+01 2.567750910092728844e+01 2.595183671488852895e+01 2.576059796845827421e+01 2.568506824308619230e+01 2.570335154531348465e+01 2.566810328245620809e+01 2.580951326570099980e+01 2.570089306542944030e+01 2.597278163292611453e+01 2.603550099043046373e+01 2.572544638073998158e+01 2.612423544689681165e+01 2.569572215794348580e+01 2.589833943645423275e+01 2.573345845162135248e+01 2.581670443568772555e+01 2.604067397704071496e+01 2.609449206693547652e+01 2.581439731961139117e+01 2.610100958465497456e+01 2.611702602101215831e+01
2.606008164526501503e+01 2.574231957546912142e+01 2.599826270912440052e+01 2.585245573661158858e+01 2.567656300062451891e+01 2.577314909285576050e+01 2.570222404445802056e+01 2.606036434936969926e+01 2.572986379725924166e+01 2.586338547853381442e+01 2.605444952578886486e+01 2.569851175534745380e+01 2.571467125752574034e+01 2.585538935265975979e+01 2.598732290361293806e+01 2.571270709612647920e+01 2.567611188795793353e+01 2.602788475650177347e+01 2.571749976169229868e+01 2.570110362324967213e+01 2.597480918165835106e+01 2.572353206643155232e+01 2.570772111266910187e+01 2.576780933306629606e+01 2.571371426072811772e+01 2.581369206796928495e+01 2.573196546184077960e+01 2.592615947682924116e+01 2.598138726691205846e+01 2.569250876023608043e+01 2.610708948075706104e+01 2.568848176511212245e+01 2.583730079186830864e+01 2.571194751392479816e+01 2.583569868829247085e+01 2.610608477266144689e+01 2.598807871136141756e+01 2.587835404111713444e+01 2.611128682487272457e+01 2.602476149378897574e+01
2.608251105504829326e+01 2.571684962710044786e+01 2.597950401827463551e+01 2.586492195441783437e+01 2.570807762445605960e+01 2.581283848043657514e+01 2.569122287426966977e+01 2.607548427348049458e+01 2.571122334956711697e+01 2.582592040472218642e+01 2.603564943315027946e+01 2.570063370008956838e+01 2.574782669101119836e+01 2.588110333638711325e+01 2.601249227029433086e+01 2.572460626684220131e+01 2.572100186918984832e+01 2.599054725058547177e+01 2.569540295757067838e+01 2.572613744104516087e+01 2.590212275149282561e+01 2.572981588134754460e+01 2.576247005349214447e+01 2.576197431668409621e+01 2.571589391710341843e+01 2.578389377774610125e+01 2.570202242766849565e+01 2.597766780524111141e+01 2.594114860291466940e+01 2.569450291000660513e+01 2.601657560062879426e+01 2.572248652326638307e+01 2.586775758931025848e+01 2.569539818612008020e+01 2.589089981018671693e+01 2.608755773943212830e+01 2.600715849985198957e+01 2.586135897930760308e+01 2.603184480496052444e+01 2.604710856925498064e+01
2.601653805539579167e+01 2.572045428878661966e+01 2.597916124463337439e+01 2.590576367231243538e+01 2.573002614593846715e+01 2.582859091624714054e+01 2.572078874871720799e+01 2.604740750632258539e+01 2.569508305280372440e+01 2.583426002065225191e+01 2.605371879726028084e+01 2.571617617193693661e+01 2.572821714538520865e+01 2.584356888488071746e+01 2.595598664051742333e+01 2.575917944732596965e+01 2.572742606942436083e+01 2.595095342863645627e+01 2.571773173902063547e+01 2.570398963981214990e+01 2.591245603184230362e+01 2.577184874404478876e+01 2.575562815969514219e+01 2.575186758443379986e+01 2.570324762167965105e+01 2.581247906352945520e+01 2.569607190341226399e+01 2.596781768384881417e+01 2.597276249765722511e+01 2.572540127047526326e+01 2.602536428086700226e+01 2.571312959553787536e+01 2.589797075038459440e+01 2.571067569395955843e+01 2.586653742622441499e+01 2.601075045187224077e+01 2.603050071248549102e+01 2.584159694508816330e+01 2.601860041641389643e+01 2.605139543308496641e+01
2.599656755405521835e+01 2.575375358079954680e+01 2.596997744364141170e+01 2.588273691653309072e+01 2.571916841241971241e+01 2.581506547945960506e+01 2.572075865458404920e+01 2.601109757830744940e+01 2.571292960120430848e+01 2.586346181974425917e+01 2.601894466279263085e+01 2.570904375635024763e+01 2.573687645464814011e+01 2.585272626448603717e+01 2.594690438939712607e+01 2.576107508628896170e+01 2.571303832517987331e+01 2.597093713466409071e+01 2.573566459753547520e+01 2.570109722888656734e+01 2.594376046853109585e+01 2.577052464448905766e+01 2.574906625028832252e+01 2.578040768572578756e+01 2.572050931715333988e+01 2.583304247769060424e+01 2.571906945682798096e+01 2.592696350434812302e+01 2.596575059418493936e+01 2.572474178990415794e+01 2.603878677800513941e+01 2.569903606705614152e+01 2.587110430146723417e+01 2.571494095336345609e+01 2.585119982943596639e+01 2.601734893540935190e+01 2.598002462332457796e+01 2.586794998427930992e+01 2.603501280330738510e+01 2.599984491323335689e+01
2.601355791097033432e+01 2.575569510700315234e+01 2.595544249269907056e+01 2.586867683905544624e+01 2.572496191523195108e+01 2.582418158806936503e+01 2.570984266713695732e+01 2.600967384805046834e+01 2.571919034934910542e+01 2.585382474618752724e+01 2.599046076378181880e+01 2.570539718195790968e+01 2.576243522414154086e+01 2.587707325195166419e+01 2.596759623004421158e+01 2.575877989129447698e+01 2.572798316721064182e+01 2.596763073352160589e+01 2.572855014158572118e+01 2.572025288505212615e+01 2.591603695250601191e+01 2.576244486326038796e+01 2.577473081382134268e+01 2.579216852410647220e+01 2.573424291785867268e+01 2.581922348626570596e+01 2.571926449308336515e+01 2.593745214725301551e+01 2.593397461480551769e+01 2.571877025385847304e+01 2.599471461465312672e+01 2.571403774856102586e+01 2.586682644886268179e+01 2.570758723173863203e+01 2.587693206660757284e+01 2.602627328042886390e+01 2.596321339398617312e+01 2.587384080819409249e+01 2.600265658325657725e+01 2.598879083581676852e+01
2.598989916185490401e+01 2.575030780818979537e+01 2.595019557803740540e+01 2.588755452152105363e+01 2.574229915777459965e+01 2.583823082854142328e+01 2.572127127755164366e+01 2.600165845559719457e+01 2.571193442014165953e+01 2.584604270556324579e+01 2.599496471173323897e+01 2.571565732354345357e+01 2.576240917048803780e+01 2.586510820491105633e+01 2.594803049726299804e+01 2.577431300505065792e+01 2.574292043897834148e+01 2.594032545289206837e+01 2.573278354678035384e+01 2.572139900476700447e+01 2.590144039153621591e+01 2.577994732422853019e+01 2.578420840020973515e+01 2.578488236886433072e+01 2.573114714781879542e+01 2.582192718483614868e+01 2.571259131723813596e+01 2.594472734141692172e+01 2.593744454094268548e+01 2.573271483133211390e+01 2.597753460021580096e+01 2.572254718692362729e+01 2.588532141514904339e+01 2.571292538032804487e+01 2.587784613399242417e+01 2.598789173577797484e+01 2.597843062983631768e+01 2.585914772231137349e+01 2.597820963598111632e+01 2.599690183767770435e+01
2.596526617948421034e+01 2.576424162674570084e+01 2.594545466125356725e+01 2.588603434339861664e+01 2.574443777865550942e+01 2.583454446690685202e+01 2.573127356318681080e+01 2.597903369890559588e+01 2.571778600809212278e+01 2.585867646201804604e+01 2.598421264701865852e+01 2.572020262724861084e+01 2.576062789161555600e+01 2.585799936577006974e+01 2.592950765268379598e+01 2.578276254712380933e+01 2.574000611155173246e+01 2.593889025816110561e+01 2.574646435159082714e+01 2.571751263982971025e+01 2.591641050257161893e+01 2.578909257942945388e+01 2.577871159949619084e+01 2.579276384594945526e+01 2.573585598186481604e+01 2.583592738946055789e+01 2.572266757082823574e+01 2.592337532180721382e+01 2.594130784718166893e+01 2.574166097080297888e+01 2.598618073048807631e+01 2.571780057660149410e+01 2.587946725854682128e+01 2.572165761753294788e+01 2.586349990627621764e+01 2.597279353789582501e+01 2.596146128316089019e+01 2.586380119524699950e+01 2.598285235214230582e+01 2.597513922976503409e+01
2.596812117509455220e+01 2.577323066022304943e+01 2.593612810271370961e+01 2.587310494573233655e+01 2.574484079533067415e+01 2.583356288005871448e+01 2.572931807299976725e+01 2.596984379908413132e+01 2.572741996867977576e+01 2.586014698488388319e+01 2.596316858308071573e+01 2.571990889399414826e+01 2.577280939862142617e+01 2.586906303774495797e+01 2.593568764713970864e+01 2.578166119739481132e+01 2.574329980118190520e+01 2.594162447107277458e+01 2.574922508798249510e+01 2.572660343058191756e+01 2.591081648779336533e+01 2.578506627400679108e+01 2.578665705203565039e+01 2.580366613278808074e+01 2.574667607285675786e+01 2.583385074822427896e+01 2.573098743682020739e+01 2.591714592761671554e+01 2.592486320381149056e+01 2.574050102037782040e+01 2.596986890675700721e+01 2.572262276436755357e+01 2.586968520419875972e+01 2.572275030705214860e+01 2.586923046335401466e+01 2.597871619137506372e+01 2.594148035293771670e+01 2.587114954784205167e+01 2.597253087805666283e+01 2.595774817531805922e+01
2.596159660865047769e+01 2.577165787404484831e+01 2.592958381783743249e+01 2.587669704675090898e+01 2.575394221698492458e+01 2.584041496633506085e+01 2.573302510936118992e+01 2.596596634568273743e+01 2.572861085680274584e+01 2.585327240165258900e+01 2.595820646019731726e+01 2.572547423901450969e+01 2.577907084483294398e+01 2.586850501110860279e+01 2.593137136203985094e+01 2.578693348347390213e+01 2.575387083783530784e+01 2.592808989974113132e+01 2.575014344452304016e+01 2.573405733213059676e+01 2.589674137024974243e+01 2.578991146569961046e+01 2.579621722106029580e+01 2.580283705531218885e+01 2.574997173764043268e+01 2.583063643575019341e+01 2.573063835684625644e+01 2.592201120449416152e+01 2.591792557939243125e+01 2.574569382690704700e+01 2.595143033955145029e+01 2.573199403803977958e+01 2.587536181230041166e+01 2.572544084096174899e+01 2.587450310757770922e+01 2.596376565546456305e+01 2.594377117204450300e+01 2.586501520866008619e+01 2.595370890682059084e+01 2.595857475785033230e+01
2.594464857180112460e+01 2.577610963545593137e+01 2.592552314424886717e+01 2.587958363599133804e+01 2.575990272605047338e+01 2.584122288864796246e+01 2.574156654059926908e+01 2.595378867491027108e+01 2.573119491591141639e+01 2.585571970299066535e+01 2.595431842755399998e+01 2.573205567011529737e+01 2.577845123850530129e+01 2.586146048673543163e+01 2.591775707361388470e+01 2.579386646957326690e+01 2.575737016106315025e+01 2.592011817000427953e+01 2.575753380744241383e+01 2.573481192148187091e+01 2.589879045678124925e+01 2.579768711854875818e+01 2.579589052427542839e+01 2.580377280646706950e+01 2.575208444092949378e+01 2.583632454903113995e+01 2.573481687071501511e+01 2.591359525259722218e+01 2.591971143440227010e+01 2.575381067460313034e+01 2.595087329576112012e+01 2.573436194998539150e+01 2.587623942667515564e+01 2.573235457182000729e+01 2.586745088805938764e+01 2.594754609159259573e+01 2.593949320155216398e+01 2.586239055336422510e+01 2.594960981924208099e+01 2.595062543474246297e+01
2.593955366634382997e+01 2.578334817163029058e+01 2.591957628030439764e+01 2.587279485423581704e+01 2.576139493776258149e+01 2.583909238800825747e+01 2.574491724939871062e+01 2.594390772503383857e+01 2.573830210779454220e+01 2.585846499811162502e+01 2.594204685309475877e+01 2.573509256110627419e+01 2.578308600798600025e+01 2.586351574300923417e+01 2.591523910820220067e+01 2.579532127569385125e+01 2.575887164719797084e+01 2.592025219687399584e+01 2.576289908726458577e+01 2.573913727367272131e+01 2.589911353424340135e+01 2.579818889909346780e+01 2.579753475682811015e+01 2.580978583853238106e+01 2.575848390816255318e+01 2.583811078444735898e+01 2.574230496599992790e+01 2.590492134018029091e+01 2.591272847333675600e+01 2.575664480175237259e+01 2.594539879533387250e+01 2.573690373210334315e+01 2.586971767875795791e+01 2.573692837969430869e+01 2.586548343495653057e+01 2.594620736565353880e+01 2.592605922754137282e+01 2.586569169362687148e+01 2.594581837134491309e+01 2.593726861680661244e+01
2.593689745873481201e+01 2.578518018807489653e+01 2.591375055349321599e+01 2.587047694670715003e+01 2.576588218728315738e+01 2.584104666544360640e+01 2.574736759545795195e+01 2.593955541275330390e+01 2.574287781684720144e+01 2.585513077688736416e+01 2.593431023286755632e+01 2.573898701009361645e+01 2.578877138054994944e+01 2.586508837515623327e+01 2.591412303140551998e+01 2.579714417255639347e+01 2.576473063739504710e+01 2.591428749300949974e+01 2.576481499910932271e+01 2.574589029388048900e+01 2.589088530719383385e+01 2.579921534890536350e+01 2.580319684637857947e+01 2.581180050540969262e+01 2.576336321026340670e+01 2.583570993922502979e+01 2.574581214381572991e+01 2.590478027256843063e+01 2.590502958433249248e+01 2.575942239776922094e+01 2.593286129210781610e+01 2.574341963239648123e+01 2.586899978849820059e+01 2.574001745226259175e+01 2.586825467148750590e+01 2.594063236520060300e+01 2.592167001426467010e+01 2.586400867470384668e+01 2.593456626403039778e+01 2.593295213764376683e+01
2.592733459143243024e+01 2.578692076108546161e+01 2.590970410950957614e+01 2.587188292501273779e+01 2.577121529853556581e+01 2.584243592720593696e+01 2.575298162343479191e+01 2.593276389721627950e+01 2.574574086177342380e+01 2.585388387642863606e+01 2.593088947329411909e+01 2.574455959511426073e+01 2.579028928116988340e+01 2.586122459105824944e+01 2.590644615513959792e+01 2.580124449106637385e+01 2.576951442388183722e+01 2.590685126979573383e+01 2.576879914978094632e+01 2.574948105085040950e+01 2.588766848519883368e+01 2.580360225146650066e+01 2.580528331873077263e+01 2.581180754922465326e+01 2.576588038634643496e+01 2.583688073309170008e+01 2.574880209279547572e+01 2.590156602317253842e+01 2.590344995289675012e+01 2.576484847179721527e+01 2.592764104598123254e+01 2.574817676303537795e+01 2.587001334492732241e+01 2.574498002163360866e+01 2.586575410772026729e+01 2.592937621874312271e+01 2.591975199140375707e+01 2.586072716964841689e+01 2.592769497325943462e+01 2.592913191527826200e+01
2.592043665573293509e+01 2.579124715403521506e+01 2.590545809800774890e+01 2.586904193994774204e+01 2.577397222528053433e+01 2.584124850811232932e+01 2.575762767601174374e+01 2.592493229932392040e+01 2.575057890930234095e+01 2.585506147945448419e+01 2.592400965272428692e+01 2.574885162704007513e+01 2.579230458114568592e+01 2.585979517150657614e+01 2.590139358276327997e+01 2.580355994448492396e+01 2.577174535711333192e+01 2.590431359277925694e+01 2.577350214609064238e+01 2.575269222911489209e+01 2.588761984031424390e+01 2.580575132933284266e+01 2.580586934887540096e+01 2.581440200818799013e+01 2.576976373818530064e+01 2.583859366562647608e+01 2.575408150666421037e+01 2.589509120298793832e+01 2.590018001287197791e+01 2.576883615797883209e+01 2.592454735354771955e+01 2.575113952949099172e+01 2.586679407246374041e+01 2.574992667748607289e+01 2.586258481221990380e+01 2.592432520779605909e+01 2.591223882847494409e+01 2.586089304810907663e+01 2.592448316577616652e+01 2.592078748768803109e+01
2.591745120814113079e+01 2.579405910574335081e+01 2.590083622783568629e+01 2.586588298814339382e+01 2.577681281870115981e+01 2.584116373833220237e+01 2.576055267020269923e+01 2.592006015348855286e+01 2.575541264691101162e+01 2.585379706922481802e+01 2.591707525561147207e+01 2.575247802218660453e+01 2.579601191255158099e+01 2.586039646588656638e+01 2.589964473914233523e+01 2.580475711687306983e+01 2.577518956983463383e+01 2.590109594505851121e+01 2.577630169205972521e+01 2.575762296098874771e+01 2.588351398691457916e+01 2.580642356448941399e+01 2.580861790225971220e+01 2.581660272605697060e+01 2.577403471601933305e+01 2.583768655341168241e+01 2.575849842485472152e+01 2.589229850192975135e+01 2.589452832876633082e+01 2.577146570557578542e+01 2.591715268062334587e+01 2.575558922216177393e+01 2.586436979144200876e+01 2.575359045339887487e+01 2.586272291677964574e+01 2.592098644176315503e+01 2.590648226193208359e+01 2.586040592113444703e+01 2.591805639868523414e+01 2.591508670788616087e+01
2.591202827143822063e+01 2.579555163417070673e+01 2.589704425934708354e+01 2.586543291077251183e+01 2.578067964944612811e+01 2.584186504472704371e+01 2.576442285411094701e+01 2.591544364239044285e+01 2.575884815130038419e+01 2.585204713279620492e+01 2.591311512287576591e+01 2.575686098312848671e+01 2.579828450564755471e+01 2.585862555644038707e+01 2.589541409352469259e+01 2.580699877585767865e+01 2.577921044308626364e+01 2.589580471062815903e+01 2.577905829595049170e+01 2.576180628564766550e+01 2.587957788873414344e+01 2.580861421290836688e+01 2.581088443128229670e+01 2.581706146967681548e+01 2.577695307729468510e+01 2.583735072995752446e+01 2.576164673311159703e+01 2.589025171724181718e+01 2.589139077955164225e+01 2.577508484365560903e+01 2.591125263105841015e+01 2.576021604787763408e+01 2.586412083961567276e+01 2.575751826598405358e+01 2.586179380890679980e+01 2.591412649235799392e+01 2.590398504385235867e+01 2.585812279137382319e+01 2.591174332329388008e+01 2.591177684652836888e+01
2.590611411990214918e+01 2.579806935403210844e+01 2.589362090829360596e+01 2.586408914010850069e+01 2.578368342495592458e+01 2.584139704808620763e+01 2.576859629121908313e+01 2.590978406772053688e+01 2.576255412871746486e+01 2.585187048149844458e+01 2.590868582509233775e+01 2.576105042125354672e+01 2.579977551610003772e+01 2.585666243628617522e+01 2.589078209984532464e+01 2.580906548345065943e+01 2.578191431484385987e+01 2.589231551849343305e+01 2.578255680968654673e+01 2.576498724904221760e+01 2.587824119074208085e+01 2.581068630438708311e+01 2.581171289207622621e+01 2.581814754158638081e+01 2.577980978734736439e+01 2.583812291334964328e+01 2.576549094275076612e+01 2.588609441284127399e+01 2.588901267014061602e+01 2.577871879866627580e+01 2.590804350550886070e+01 2.576361740179087079e+01 2.586251953713461305e+01 2.576179965648543302e+01 2.585938691219810082e+01 2.590860993142890223e+01 2.589965887727875327e+01 2.585698624427709902e+01 2.590808392714044928e+01 2.590661676236150868e+01
2.590255519248853844e+01 2.580057371924909759e+01 2.589001544138110944e+01 2.586164614955028185e+01 2.578607594628944710e+01 2.584083154264730808e+01 2.577178359624575421e+01 2.590517191980521261e+01 2.576665349727246834e+01 2.585126685104435396e+01 2.590341097939756310e+01 2.576457971981267292e+01 2.580206961546339528e+01 2.585618595839800093e+01 2.588823708244626687e+01 2.581026542128466517e+01 2.578446143081653119e+01 2.588973091739272192e+01 2.578542662826018272e+01 2.576868085612230885e+01 2.587594563927148528e+01 2.581163604980500992e+01 2.581309553768002019e+01 2.581970158201064081e+01 2.578310878278530538e+01 2.583795051246990226e+01 2.576947079969426113e+01 2.588278597225755107e+01 2.588523071809702714e+01 2.578142213665763549e+01 2.590347990838313308e+01 2.576709343770297522e+01 2.586030113374278017e+01 2.576548508262428072e+01 2.585828090915910948e+01 2.590533884574423240e+01 2.589477659045692093e+01 2.585642509555079016e+01 2.590391119452194602e+01 2.590153333380002110e+01
2.589888844011710489e+01 2.580217670187083101e+01 2.588670767649080773e+01 2.586032319676889557e+01 2.578887112695466044e+01 2.584088991702849825e+01 2.577487279432357070e+01 2.590139408428783696e+01 2.577012355595208604e+01 2.584991989884834140e+01 2.589943072792896217e+01 2.576817021777342376e+01 2.580416961874457016e+01 2.585521366522051068e+01 2.588543561537272097e+01 2.581163906004821129e+01 2.578749280265668631e+01 2.588611533635351591e+01 2.578779412843294949e+01 2.577242357559915931e+01 2.587279503456938201e+01 2.581287034863744267e+01 2.581479799009040477e+01 2.582045532459359194e+01 2.578591966009809866e+01 2.583743492508872208e+01 2.577267247971690267e+01 2.588070773832946614e+01 2.588199764297177907e+01 2.578415770215455538e+01 2.589855024055435706e+01 2.577092628115586948e+01 2.585923757451181260e+01 2.576889017205999366e+01 2.585753685337519059e+01 2.590095781122859719e+01 2.589174981878645809e+01 2.585498191592683526e+01 2.589903182943362125e+01 2.589813843128931126e+01
2.589444426925118137e+01 2.580387936245043079e+01 2.588378522052296660e+01 2.585928552961506810e+01 2.579153089267425614e+01 2.584066573924063093e+01 2.577825133572440919e+01 2.589724070123103417e+01 2.577330022831207401e+01 2.584915954107528790e+01 2.589597628098059090e+01 2.577179605411659580e+01 2.580560744274965757e+01 2.585363487558300832e+01 2.588189887366029751e+01 2.581318787128020986e+01 2.579009663497779670e+01 2.588281319308983086e+01 2.579041668551328570e+01 2.577552779922805115e+01 2.587083431213887152e+01 2.581440868204282779e+01 2.581580098163998116e+01 2.582107363680765033e+01 2.578835069080125209e+01 2.583754320771092949e+01 2.577578743791978511e+01 2.587792564801755901e+01 2.587971791380066477e+01 2.578709489942615818e+01 2.589516492862622243e+01 2.577425008411952589e+01 2.585813978043892902e+01 2.577243089289960665e+01 2.585594458032694121e+01 2.589633360667030715e+01 2.588872977525061003e+01 2.585363983378454833e+01 2.589535016311349125e+01 2.589453061133312062e+01
2.589092544485012581e+01 2.580580368699633453e+01 2.588089929720068838e+01 2.585759424798997230e+01 2.579371242226046590e+01 2.584015106712131526e+01 2.578125554126112107e+01 2.589331177935762440e+01 2.577663829698843045e+01 2.584861125227088863e+01 2.589206329442075116e+01 2.577505056097946223e+01 2.580718269425462807e+01 2.585267436687523457e+01 2.587919531792469741e+01 2.581433925350552272e+01 2.579229677218554428e+01 2.588035747614766890e+01 2.579292828184156861e+01 2.577854172861848525e+01 2.586910420649134323e+01 2.581545458493530987e+01 2.581670177824619827e+01 2.582204121871442837e+01 2.579091235133405746e+01 2.583752868251504253e+01 2.577906679400673085e+01 2.587503750999541552e+01 2.587703958725470343e+01 2.578962513517761579e+01 2.589185505405204069e+01 2.577725332862457108e+01 2.585648851644623036e+01 2.577575728184530490e+01 2.585459067112149967e+01 2.589302464479302657e+01 2.588505679150782157e+01 2.585283966655750731e+01 2.589209986201433367e+01 2.589053505611785866e+01
2.588794365286542742e+01 2.580734348100834552e+01 2.587812512435310097e+01 2.585614871592338559e+01 2.579588686021521227e+01 2.583989710789859728e+01 2.578394022001549502e+01 2.589001603197855417e+01 2.577976395136651178e+01 2.584766922478071649e+01 2.588853125538329891e+01 2.577811558721650442e+01 2.580885443061719187e+01 2.585187558082807158e+01 2.587690289136841670e+01 2.581535935594870068e+01 2.579462636223617977e+01 2.587769811488261240e+01 2.579506039760231317e+01 2.578164582102809632e+01 2.586680667881842766e+01 2.581635594681042889e+01 2.581786511185205768e+01 2.582278932690938333e+01 2.579334924779167437e+01 2.583716492829476508e+01 2.578201665866308190e+01 2.587290755828347244e+01 2.587429127375497373e+01 2.579191602229618141e+01 2.588808554824023744e+01 2.578036378464813083e+01 2.585521133551864637e+01 2.577877446339772760e+01 2.585372200884329175e+01 2.588979191290121307e+01 2.588207806468752636e+01 2.585182181343569141e+01 2.588844300331140857e+01 2.588731131158904475e+01
2.588462305365037608e+01 2.580870294504436657e+01 2.587561342141713894e+01 2.585510950480508541e+01 2.579807437875438225e+01 2.583968475033717027e+01 2.578667446480172742e+01 2.588677933745319137e+01 2.578257388133884831e+01 2.584682341159423657e+01 2.588555794305138491e+01 2.578115731127401489e+01 2.581019845082890640e+01 2.585072371929398827e+01 2.587425857685107644e+01 2.581648876296521777e+01 2.579686735127734565e+01 2.587495523281715393e+01 2.579715068435758241e+01 2.578445937387853704e+01 2.586484348288212587e+01 2.581744444395313209e+01 2.581881194159898030e+01 2.582329809980748081e+01 2.579548873497753902e+01 2.583699846954860391e+01 2.578470214180012121e+01 2.587079084541077023e+01 2.587210836590410423e+01 2.579426404373203141e+01 2.588492013448597717e+01 2.578330629609674673e+01 2.585421244045456746e+01 2.578172863728130082e+01 2.585259840973788670e+01 2.588621185660105795e+01 2.587956654996217054e+01 2.585066285285421017e+01 2.588515919133222098e+01 2.588442045973206618e+01
2.588154143775692972e+01 2.581016366940168538e+01 2.587323355175978890e+01 2.585387682591678526e+01 2.580001130087907413e+01 2.583929751479907111e+01 2.578928553323036255e+01 2.588357370635291232e+01 2.578533397391963433e+01 2.584622166366642659e+01 2.588253498605375214e+01 2.578401124070580863e+01 2.581143502623737973e+01 2.584971351509099335e+01 2.587182387165012187e+01 2.581748971483115795e+01 2.579881858071792067e+01 2.587267587985737904e+01 2.579922844447262520e+01 2.578704369574753130e+01 2.586328225045869544e+01 2.581839334547269971e+01 2.581955263309327364e+01 2.582392290713617200e+01 2.579756480419814935e+01 2.583693523814940107e+01 2.578739072059186554e+01 2.586848636604443996e+01 2.587000272827682679e+01 2.579646444320628262e+01 2.588217784042443981e+01 2.578595594360858456e+01 2.585298880755068751e+01 2.578458215953978439e+01 2.585139861484625001e+01 2.588316595394531916e+01 2.587679830486272792e+01 2.584977800296618966e+01 2.588237000077473837e+01 2.588133496069319150e+01
2.587893499798234842e+01 2.581150427846008455e+01 2.587093424985046397e+01 2.585261430723152642e+01 2.580181108691867564e+01 2.583896521414971659e+01 2.579164319297483132e+01 2.588071860199177365e+01 2.578800448734377682e+01 2.584551639634100439e+01 2.587959132343561919e+01 2.578665832987682904e+01 2.581273161641470537e+01 2.584893394724809212e+01 2.586978644502709557e+01 2.581833949171345211e+01 2.580070388739957110e+01 2.587053248071870470e+01 2.580110118597773550e+01 2.578960337338738995e+01 2.586155284193205617e+01 2.581916359215779266e+01 2.582037593224213978e+01 2.582453691756204606e+01 2.579959407617714362e+01 2.583670452005110363e+01 2.578994578022526696e+01 2.586650590396931904e+01 2.586779557655276918e+01 2.579844524267193151e+01 2.587927848042743406e+01 2.578853250045666101e+01 2.585181380027903231e+01 2.578721829932375798e+01 2.585047989227796705e+01 2.588048896712677305e+01 2.587419824554358527e+01 2.584894329450211359e+01 2.587953121170355786e+01 2.587851425582977782e+01
2.587633302746919384e+01 2.581266964547632270e+01 2.586879707617126201e+01 2.585159937821190823e+01 2.580359226868921141e+01 2.583872091710211549e+01 2.579391210396709511e+01 2.587806284797228074e+01 2.579045947527220051e+01 2.584477401324828705e+01 2.587700250828788384e+01 2.578921141430915043e+01 2.581390373514987502e+01 2.584805665267158048e+01 2.586771708469228770e+01 2.581919873782389274e+01 2.580255908646643803e+01 2.586832771623234350e+01 2.580284572123043318e+01 2.579203027373689494e+01 2.585985361547279382e+01 2.581997264016531446e+01 2.582116575310196183e+01 2.582499931495887679e+01 2.580144848722273565e+01 2.583648438920968715e+01 2.579228104708647606e+01 2.586473130316576885e+01 2.586583672400251288e+01 2.580036746938966630e+01 2.587655426189289898e+01 2.579102840678833886e+01 2.585086152099174939e+01 2.578971719697968723e+01 2.584958159010255940e+01 2.587770357754174100e+01 2.587198637310907046e+01 2.584801283440615904e+01 2.587678052326680955e+01 2.587604334507048875e+01
2.587377699151810617e+01 2.581382324401651474e+01 2.586680031239419009e+01 2.585061127947145820e+01 2.580525280920563347e+01 2.583842060028144161e+01 2.579611045811473957e+01 2.587545781050025084e+01 2.579278502227780123e+01 2.584417000606942239e+01 2.587454767231836072e+01 2.579164607920362684e+01 2.581494522095661637e+01 2.584717150297614907e+01 2.586567643068715938e+01 2.582002356579554103e+01 2.580425305086065890e+01 2.586632428170874931e+01 2.580455308798205039e+01 2.579426302502524493e+01 2.585842393705106446e+01 2.582076003308429080e+01 2.582181558820168732e+01 2.582545383685442886e+01 2.580318495693126835e+01 2.583636013316247926e+01 2.579452237578971818e+01 2.586289951278933330e+01 2.586406465669600863e+01 2.580221790405095561e+01 2.587417845329724742e+01 2.579333179964051936e+01 2.584989289794302891e+01 2.579212409126757422e+01 2.584860599027581429e+01 2.587508945151123996e+01 2.586979611723354822e+01 2.584718046896365351e+01 2.587435447729587068e+01 2.587359016701697811e+01
2.587150464594826005e+01 2.581493829846415622e+01 2.586489004318657337e+01 2.584957896298109148e+01 2.580677957251131360e+01 2.583811070894053330e+01 2.579814758558555354e+01 2.587303402695869181e+01 2.579502938678010082e+01 2.584358908082354844e+01 2.587213787431910106e+01 2.579391902867241626e+01 2.581597612864735680e+01 2.584643045065310574e+01 2.586387627017472113e+01 2.582074976045973358e+01 2.580583234806621107e+01 2.586450900873891712e+01 2.580615257040401289e+01 2.579640094063085343e+01 2.585703367870148384e+01 2.582143468427515742e+01 2.582244806269748594e+01 2.582592864685744161e+01 2.580486553524363558e+01 2.583619407004648139e+01 2.579667882337813367e+01 2.586118216580515750e+01 2.586228661462635614e+01 2.580392142861156657e+01 2.587185740677698931e+01 2.579550501113442706e+01 2.584890632406690258e+01 2.579438568242505880e+01 2.584774618364516030e+01 2.587278335536964136e+01 2.586763894458540491e+01 2.584644563225687008e+01 2.587204648377044336e+01 2.587122739729268517e+01
2.586936810452514734e+01 2.581594173161087014e+01 2.586308821077757969e+01 2.584865835741518936e+01 2.580824831323266011e+01 2.583785745436788517e+01 2.580006238016910203e+01 2.587080114553716470e+01 2.579713461172818256e+01 2.584297792859787890e+01 2.586992153760314395e+01 2.579607389204747037e+01 2.581695849080274030e+01 2.584571265639755211e+01 2.586217513377503963e+01 2.582143904000146506e+01 2.580736415104185255e+01 2.586271893463607796e+01 2.580763271534549830e+01 2.579844968510696646e+01 2.585563335546212826e+01 2.582207861441918340e+01 2.582308067156701270e+01 2.582633499524985510e+01 2.580644283900788594e+01 2.583599867274364925e+01 2.579868590699552300e+01 2.585964758462046120e+01 2.586060996314795446e+01 2.580552866746510432e+01 2.586959652009725374e+01 2.579759811236203859e+01 2.584803890903477708e+01 2.579650973032266492e+01 2.584697265354402873e+01 2.587053977217169276e+01 2.586570886344082965e+01 2.584569277434854584e+01 2.586978661738739405e+01 2.586909935835629426e+01
2.586727339674193260e+01 2.581688928150757079e+01 2.586140364483281218e+01 2.584781855670161121e+01 2.580964521392370159e+01 2.583760639945178639e+01 2.580190193911341723e+01 2.586865865672986331e+01 2.579910867847493705e+01 2.584242603264192795e+01 2.586786773143031226e+01 2.579812903429924020e+01 2.581784798346189902e+01 2.584497921893975914e+01 2.586049726596083076e+01 2.582210982316484404e+01 2.580880388764045819e+01 2.586101962133968613e+01 2.580904954522259231e+01 2.580036134710932672e+01 2.585437110153814189e+01 2.582271615127471875e+01 2.582364209862486248e+01 2.582670075289570022e+01 2.580791203210179674e+01 2.583585067610203367e+01 2.580057684962685727e+01 2.585815397678030081e+01 2.585908936505808242e+01 2.580707239397307617e+01 2.586754795898031034e+01 2.579956595036606615e+01 2.584722786232595126e+01 2.579853523996291642e+01 2.584618195686271136e+01 2.586836570779066591e+01 2.586389894971436831e+01 2.584497002432495805e+01 2.586770841602755056e+01 2.586708226406739897e+01
2.586533177807820749e+01 2.581780749039699430e+01 2.585980710185093301e+01 2.584697689383409269e+01 2.581094249945869379e+01 2.583734343493128449e+01 2.580363506108752603e+01 2.586662685738485834e+01 2.580099292796468546e+01 2.584192398930217749e+01 2.586588528055851910e+01 2.580006322715207645e+01 2.581869356648753921e+01 2.584431516878124313e+01 2.585894691750674212e+01 2.582272529528079730e+01 2.581014184877767548e+01 2.585946609169367960e+01 2.581039577022047382e+01 2.580216400110144903e+01 2.585320316014318820e+01 2.582329543163519148e+01 2.582415938113510734e+01 2.582707062897787864e+01 2.580931274414606236e+01 2.583571058566040790e+01 2.580238601311845770e+01 2.585671245417635689e+01 2.585762662418338920e+01 2.580851994789731663e+01 2.586562526354013869e+01 2.580141000080955394e+01 2.584641600699171349e+01 2.580045289756532867e+01 2.584543313830329581e+01 2.586638513793128524e+01 2.586212705264608047e+01 2.584432126315851974e+01 2.586577780040731156e+01 2.586512832182977206e+01
2.586353464651589817e+01 2.581866025362475625e+01 2.585829441264796458e+01 2.584618291661221434e+01 2.581216936295320608e+01 2.583710693012593396e+01 2.580525844195878449e+01 2.586473975955627225e+01 2.580277652039978875e+01 2.584142163443874196e+01 2.586401622770991082e+01 2.580188609252438781e+01 2.581950710655399917e+01 2.584370331554472244e+01 2.585751200940706696e+01 2.582329679788779941e+01 2.581141733028398022e+01 2.585798429612581018e+01 2.581165157102575591e+01 2.580388435051343166e+01 2.585205367011778321e+01 2.582383035082240141e+01 2.582466792978375736e+01 2.582741354933107658e+01 2.581064065163646859e+01 2.583555156281958887e+01 2.580409075121866636e+01 2.585539163484588343e+01 2.585622182205592168e+01 2.580987612371915674e+01 2.586376078051311822e+01 2.580316667716783030e+01 2.584566091645780261e+01 2.580225540579752064e+01 2.584475761442751462e+01 2.586452373519332681e+01 2.586047843413243896e+01 2.584369613201536353e+01 2.586391518980084214e+01 2.586331583816008362e+01
2.586180593150622542e+01 2.581945469458088382e+01 2.585687360583531813e+01 2.584545893601670130e+01 2.581333819260203200e+01 2.583688846172789511e+01 2.580680167272837622e+01 2.586295551028416284e+01 2.580445104944752188e+01 2.584094432786335815e+01 2.586228126554151885e+01 2.580361676882823119e+01 2.582026184726878881e+01 2.584309829454627305e+01 2.585612598427579201e+01 2.582384628803495019e+01 2.581262810653303319e+01 2.585656333042172150e+01 2.581283841537184287e+01 2.580550561306208124e+01 2.585097384667583498e+01 2.582434998080345778e+01 2.582514181603136905e+01 2.582772090704551715e+01 2.581188394702898137e+01 2.583540884222400891e+01 2.580569141165408453e+01 2.585414573283800621e+01 2.585492270396259684e+01 2.581116699480084620e+01 2.586202034847059039e+01 2.580483053395796134e+01 2.584496685100500457e+01 2.580396209595883761e+01 2.584410353425751694e+01 2.586272588278308149e+01 2.585895175476851193e+01 2.584308781196964944e+01 2.586216070410520729e+01 2.586162459951533066e+01
2.586017053659216458e+01 2.582021501516680217e+01 2.585553332725609010e+01 2.584476170534967565e+01 2.581443515463256233e+01 2.583666906893541437e+01 2.580826394892223163e+01 2.586125833089679560e+01 2.580603673316086599e+01 2.584050822419503746e+01 2.586063304704811827e+01 2.580525229636474194e+01 2.582096862076525667e+01 2.584252689978087858e+01 2.585481504217636228e+01 2.582436266873452269e+01 2.581376092232940778e+01 2.585524131509535195e+01 2.581396685825968973e+01 2.580702974569675590e+01 2.584997869819282812e+01 2.582483818675542864e+01 2.582557627086066887e+01 2.582801799128272080e+01 2.581305884410310014e+01 2.583528292597472387e+01 2.580721102906496611e+01 2.585294555712641795e+01 2.585369905430808757e+01 2.581238750079899091e+01 2.586040163323249530e+01 2.580639330359581152e+01 2.584429410169266816e+01 2.580557955837630857e+01 2.584347156922897781e+01 2.586104565730665072e+01 2.585748577600306675e+01 2.584252566840714138e+01 2.586053015615258488e+01 2.586000412112835178e+01
2.585864998587957331e+01 2.582093254048248099e+01 2.585426412002475161e+01 2.584409271144586739e+01 2.581546685058410162e+01 2.583646154497126801e+01 2.580963802327354628e+01 2.585966672503242592e+01 2.580753988220366324e+01 2.584008920656969721e+01 2.585906738628604273e+01 2.580679318602914307e+01 2.582164390356826900e+01 2.584200094241535339e+01 2.585359754945378796e+01 2.582484254215037112e+01 2.581483071452578315e+01 2.585399849241762738e+01 2.581502785513788822e+01 2.580847537489486143e+01 2.584902476061912324e+01 2.582528926400787128e+01 2.582599253274081974e+01 2.582830190668968129e+01 2.581417340992635445e+01 2.583515300260727798e+01 2.580864937814664728e+01 2.585182239589825315e+01 2.585252719289697154e+01 2.581353313766841140e+01 2.585885440379285427e+01 2.580787159251942597e+01 2.584365350512134896e+01 2.580710406107690247e+01 2.584288830644267421e+01 2.585947932795559723e+01 2.585609708232104254e+01 2.584199774603441568e+01 2.585898047036751635e+01 2.585847599340593916e+01
2.585720871799860276e+01 2.582160250687875447e+01 2.585306766841078741e+01 2.584347250297381748e+01 2.581644578440646498e+01 2.583627082877607961e+01 2.581093647559882243e+01 2.585816981914931745e+01 2.580895582639349328e+01 2.583968613201125919e+01 2.585760217449861287e+01 2.580825078176406251e+01 2.582227953062403358e+01 2.584149651727171459e+01 2.585244133183574888e+01 2.582529795899689873e+01 2.581584622754188274e+01 2.585281209958708004e+01 2.581602662700634809e+01 2.580984284870677925e+01 2.584811568988315855e+01 2.582571887602011174e+01 2.582638786626685956e+01 2.582856194920497117e+01 2.581522257770158291e+01 2.583502773501769667e+01 2.581000263980586951e+01 2.585077186947629357e+01 2.585142690720115155e+01 2.581461666494513807e+01 2.585739025940867464e+01 2.580927265924162128e+01 2.584305972218406566e+01 2.580854316953894312e+01 2.584233828926910448e+01 2.585798470847046104e+01 2.585480424876932659e+01 2.584148898698601471e+01 2.585750939444812602e+01 2.585704903287327738e+01
2.585583880881626584e+01 2.582223711976652680e+01 2.585194022377164558e+01 2.584288722037623032e+01 2.581736968461810022e+01 2.583608661701036979e+01 2.581216670944171199e+01 2.585675019148530751e+01 2.581029215580106495e+01 2.583931141536129417e+01 2.585622108498998983e+01 2.580962941151352652e+01 2.582287437538823838e+01 2.584101416616572777e+01 2.585134137514202735e+01 2.582572944014119543e+01 2.581680216997665411e+01 2.585169522092551375e+01 2.581697314754865147e+01 2.581113027716335395e+01 2.584726923042686053e+01 2.582612700711457165e+01 2.582675450882251056e+01 2.582880695178607766e+01 2.581621119172841716e+01 2.583491525410859424e+01 2.581128149491282642e+01 2.584977007341309729e+01 2.585039565781945825e+01 2.581564268588273947e+01 2.585602278861249559e+01 2.581059299966987197e+01 2.584249623460650014e+01 2.580990516753358932e+01 2.584180932859493396e+01 2.585657117735372879e+01 2.585357987640789190e+01 2.584100997856627657e+01 2.585613229082520448e+01 2.585569599952030728e+01
2.585455454029149536e+01 2.582283860010924315e+01 2.585087436505959246e+01 2.584232703029526590e+01 2.581823883808332454e+01 2.583590979540553434e+01 2.581332650629213887e+01 2.585541128664064559e+01 2.581155713104330829e+01 2.583895811426424416e+01 2.585491044537066330e+01 2.581092973515849920e+01 2.582343820116104283e+01 2.584056475970954736e+01 2.585031098029541141e+01 2.582613324543358146e+01 2.581770247898300852e+01 2.585064756004624087e+01 2.581786671066799244e+01 2.581234682623117394e+01 2.584646963305078771e+01 2.582650778974843675e+01 2.582710053916130732e+01 2.582904154439174960e+01 2.581714700354541492e+01 2.583480660445825805e+01 2.581249207739469043e+01 2.584882298851211857e+01 2.584941556826723641e+01 2.581660894264235395e+01 2.585472906802623783e+01 2.581183866292508711e+01 2.584195804896734217e+01 2.581119110773360248e+01 2.584131255884073397e+01 2.585524898120756276e+01 2.585241604848704711e+01 2.584056199058735714e+01 2.585483355190475407e+01 2.585441357604696222e+01
2.585334490108297345e+01 2.582340335522059149e+01 2.584986793395411553e+01 2.584180068856299783e+01 2.581906058969851614e+01 2.583574522526338058e+01 2.581442035834496096e+01 2.585415197777041030e+01 2.581275124754762373e+01 2.583861986393218046e+01 2.585367619278718365e+01 2.581215759770289964e+01 2.582397164065350381e+01 2.584014041348805435e+01 2.584933995129020445e+01 2.582651392439347759e+01 2.581855483443736432e+01 2.584965406698344381e+01 2.581870810966913155e+01 2.581349780487836654e+01 2.584570781786472793e+01 2.582686679236849159e+01 2.582742980089150109e+01 2.582926059961059195e+01 2.581803039783112297e+01 2.583470056620057420e+01 2.581363370220500997e+01 2.584793540516836075e+01 2.584848899284752122e+01 2.581752045676691765e+01 2.585350157722023567e+01 2.581301739358039526e+01 2.584145356258306592e+01 2.581240430174949196e+01 2.584084711339751550e+01 2.585399834772751149e+01 2.585132391297703691e+01 2.584013543284451231e+01 2.585360137556214966e+01 2.585320983824494689e+01
2.585219745256861401e+01 2.582393583133685055e+01 2.584891907213838635e+01 2.584130662530974121e+01 2.581983739273922396e+01 2.583558945387817118e+01 2.581545502654035573e+01 2.585296148985279530e+01 2.581387753696461829e+01 2.583830145163757308e+01 2.585251475339371297e+01 2.581331832188428166e+01 2.582447270496261638e+01 2.583973549415254922e+01 2.584841801663867145e+01 2.582687464806876676e+01 2.581935960254114093e+01 2.584871442425368215e+01 2.581950330967919172e+01 2.581458340248601502e+01 2.584499174355461193e+01 2.582720777130419165e+01 2.582773854256758028e+01 2.582946552474105673e+01 2.581886289930815437e+01 2.583460249170042289e+01 2.581471083165840952e+01 2.584709545515003271e+01 2.584761885321401564e+01 2.581838270012543290e+01 2.585234812979125962e+01 2.581413029571388762e+01 2.584097870700601263e+01 2.581355084668877709e+01 2.584040382384428014e+01 2.585281270368158602e+01 2.585029535792935462e+01 2.583973103788355985e+01 2.585244109952872549e+01 2.585207441749457402e+01
2.585111578376879038e+01 2.582444007789150575e+01 2.584802311269717734e+01 2.584083705151656574e+01 2.582056940512618581e+01 2.583544033365953752e+01 2.581643204050534024e+01 2.585183651525092330e+01 2.581494201846371084e+01 2.583800251111298252e+01 2.585141573773516654e+01 2.581441406207526512e+01 2.582494559660159439e+01 2.583935448557481251e+01 2.584754913013910027e+01 2.582721415318239266e+01 2.582011782182786774e+01 2.584783095063385971e+01 2.582025483251295128e+01 2.581560784108083695e+01 2.584431828706382461e+01 2.582752842383084158e+01 2.582802859988136390e+01 2.582966040634753924e+01 2.581964945386889809e+01 2.583451030151726613e+01 2.581572925350704750e+01 2.584629959640277974e+01 2.584679631675484401e+01 2.581919639366603647e+01 2.585126134782505858e+01 2.581517995427367396e+01 2.584052716577365061e+01 2.581463393822746255e+01 2.583998431820587882e+01 2.585169792561036672e+01 2.584931995325788279e+01 2.583935149416861066e+01 2.585134889941069147e+01 2.585099883935748721e+01
2.585009782847406967e+01 2.582491540384323514e+01 2.584717682594247634e+01 2.584039312061972282e+01 2.582126030236209147e+01 2.583530001368038143e+01 2.581735351536030976e+01 2.585077668560697361e+01 2.581594757378508476e+01 2.583771847260517518e+01 2.585037783264398570e+01 2.581544824365652246e+01 2.582539310074166394e+01 2.583899623236074916e+01 2.584673144679649681e+01 2.582753372592437913e+01 2.582083415445115904e+01 2.584699654400535351e+01 2.582096339178389854e+01 2.581657617736434318e+01 2.584367943891295738e+01 2.582782998353895465e+01 2.582830361213065729e+01 2.582984420984910301e+01 2.582039253621789499e+01 2.583442131427424471e+01 2.581669083604715809e+01 2.584555075884562569e+01 2.584601770485488004e+01 2.581996372824465169e+01 2.585023198514437937e+01 2.581617176183014450e+01 2.584010106622060476e+01 2.581565602474439558e+01 2.583959049315340906e+01 2.585064722834410134e+01 2.584840003467839864e+01 2.583899269179940461e+01 2.585031539284178592e+01 2.584998513750083760e+01
2.584913504212895674e+01 2.582536319795218205e+01 2.584637836663036836e+01 2.583997587722814870e+01 2.582191326374434581e+01 2.583516800490659904e+01 2.581822398332326784e+01 2.584977645433329840e+01 2.581689634293631030e+01 2.583744970828453802e+01 2.584940024322219898e+01 2.581642519038402739e+01 2.582581480658080864e+01 2.583865622756107783e+01 2.584595765368214160e+01 2.582783594423785090e+01 2.582151099515687775e+01 2.584620702915921697e+01 2.582163218736400978e+01 2.581749041533539568e+01 2.584307608571966597e+01 2.582811550475880935e+01 2.582856301353060147e+01 2.583001645916412059e+01 2.582109340690930566e+01 2.583433745994236475e+01 2.581759801483989847e+01 2.584484446727587681e+01 2.584528431679047955e+01 2.582068869142629808e+01 2.584926100762871215e+01 2.581710867269071485e+01 2.583970030339706625e+01 2.581662117371698173e+01 2.583921792382601268e+01 2.584965252778049916e+01 2.584753413319118209e+01 2.583865246614465150e+01 2.584933948139772042e+01 2.584903010914785426e+01
2.584822546623652073e+01 2.582578648675193733e+01 2.584562478255306672e+01 2.583958132111804673e+01 2.582252936843904578e+01 2.583504247589498704e+01 2.581904625218426830e+01 2.584883126575496703e+01 2.581779224016495178e+01 2.583719696775192531e+01 2.584847706203040119e+01 2.581734773739549382e+01 2.582621232846583581e+01 2.583833485007185971e+01 2.584522656110819838e+01 2.582812117578081512e+01 2.582214934498276904e+01 2.584546281922436961e+01 2.582226410306613928e+01 2.581835304909759898e+01 2.584250833190847274e+01 2.582838503431048238e+01 2.582880688619819409e+01 2.583017931645434473e+01 2.582175499616420211e+01 2.583425899918680102e+01 2.581845489582709519e+01 2.584417597979753367e+01 2.584459256028389973e+01 2.582137334041406618e+01 2.584834645849026913e+01 2.581799271945259022e+01 2.583932094034059901e+01 2.581753281998229355e+01 2.583886492331333429e+01 2.584871419688740346e+01 2.584671532894392953e+01 2.583833189906155070e+01 2.584842015540851534e+01 2.584812709929159169e+01
2.584736847525067205e+01 2.582618617437069020e+01 2.584491311399749947e+01 2.583920787442579226e+01 2.582311064016719371e+01 2.583492375127548613e+01 2.581982215993519958e+01 2.584793959756696680e+01 2.581863849438185810e+01 2.583695801734970132e+01 2.584760472468752468e+01 2.581821849414916770e+01 2.582658806796465001e+01 2.583803241217380986e+01 2.584453782131772925e+01 2.582838985988471237e+01 2.582275186224538643e+01 2.584476091981641588e+01 2.582286045590091916e+01 2.581916778894738940e+01 2.584197163343789327e+01 2.582863874468040422e+01 2.582903735095654341e+01 2.583033336448950124e+01 2.582237993444227087e+01 2.583418423055292124e+01 2.581926419852878141e+01 2.584354529634001096e+01 2.584393835295081843e+01 2.582201925233699313e+01 2.584748207073934623e+01 2.581882740252395081e+01 2.583896216697549875e+01 2.581839338864280364e+01 2.583853243575722658e+01 2.584783009996413128e+01 2.584594167785448349e+01 2.583802961766792805e+01 2.584755191393825768e+01 2.584727443934663427e+01
2.584655937276793125e+01 2.582656296247047933e+01 2.584424135663357447e+01 2.583885599997044835e+01 2.582365966303422766e+01 2.583481202054628767e+01 2.582055465870238464e+01 2.584709841736945179e+01 2.581943727742001471e+01 2.583673179030995470e+01 2.584678203174937039e+01 2.581904069131874735e+01 2.582694272942825364e+01 2.583774649626214170e+01 2.584388741553347657e+01 2.582864356054925281e+01 2.582332103707042137e+01 2.584409743151143601e+01 2.582342318347981802e+01 2.581993721316793255e+01 2.584146415872007196e+01 2.582887838580040452e+01 2.582925513662184613e+01 2.583047825095022887e+01 2.582296975480958778e+01 2.583411330248299009e+01 2.582002796170016978e+01 2.584295076164326588e+01 2.584332097408102413e+01 2.582262906731188679e+01 2.584666556026328266e+01 2.581961579120727990e+01 2.583862418453866994e+01 2.581920577550389595e+01 2.583821876571839127e+01 2.584699462519007795e+01 2.584521259749946154e+01 2.583774352868935864e+01 2.584673155172902170e+01 2.584647068558328797e+01
2.584579481408056267e+01 2.582691871009067341e+01 2.584360737740453118e+01 2.583852398099891801e+01 2.582417799540420589e+01 2.583470629604068591e+01 2.582124648408069589e+01 2.584630394270081410e+01 2.582019130402783702e+01 2.583651853554112776e+01 2.584600573621157338e+01 2.581981709788399826e+01 2.582727714404150987e+01 2.583747602438914726e+01 2.584327271160820771e+01 2.582888318317484888e+01 2.582385823302195504e+01 2.584347113188931999e+01 2.582395462645109419e+01 2.582066338477264367e+01 2.584098582362931040e+01 2.582910482637290528e+01 2.582946028418239948e+01 2.583061487893436237e+01 2.582352639930804727e+01 2.583404671340561265e+01 2.582074902056561783e+01 2.584238890957594847e+01 2.584273877957313914e+01 2.582320498727266767e+01 2.584589579134539861e+01 2.582035998229041951e+01 2.583830504507862003e+01 2.581997293684399253e+01 2.583792194770131800e+01 2.584620552124454917e+01 2.584452430404941836e+01 2.583747339934611631e+01 2.584595785753335662e+01 2.584571172083675705e+01
2.584507358619471162e+01 2.582725472802700750e+01 2.584300880699588632e+01 2.583820998924642254e+01 2.582466710152316480e+01 2.583460621487119013e+01 2.582189954279336774e+01 2.584555395297541480e+01 2.582090336484917614e+01 2.583631731597951386e+01 2.584527243668699725e+01 2.582055001765091973e+01 2.582759292755554625e+01 2.583722103261001024e+01 2.584269288432461309e+01 2.582910915281613029e+01 2.582436518127707714e+01 2.584288042296257970e+01 2.582445636628804664e+01 2.582134895703226363e+01 2.584053438283427084e+01 2.582931829591406370e+01 2.582965385002887615e+01 2.583074407532962624e+01 2.582405203646930403e+01 2.583398373792249458e+01 2.582142996863231588e+01 2.584185827260998991e+01 2.584218880132079477e+01 2.582374855095591215e+01 2.584516912351530493e+01 2.582106245036862191e+01 2.583800327294024868e+01 2.582069722627844044e+01 2.583764179500463953e+01 2.584546145369479220e+01 2.584387391096306885e+01 2.583721870373282670e+01 2.584522773793815276e+01 2.584499479528490440e+01
2.584439306214585841e+01 2.582757174587371907e+01 2.584244370770319676e+01 2.583791364872564245e+01 2.582512887792342582e+01 2.583451185899208369e+01 2.582251596634068136e+01 2.584484631074184335e+01 2.582157561792830336e+01 2.583612701707035342e+01 2.584458031915280785e+01 2.582124193266638912e+01 2.582789113675617898e+01 2.583698037868134278e+01 2.584214574769315576e+01 2.582932238557017968e+01 2.582484389490084808e+01 2.584232254906211068e+01 2.582492987432566878e+01 2.582199634801789756e+01 2.584010769794864615e+01 2.582951972282685205e+01 2.582983675349219155e+01 2.583086590075362565e+01 2.582454827875921666e+01 2.583392399888385071e+01 2.582207276942011021e+01 2.584135779240212116e+01 2.584166942408600676e+01 2.582426161760011496e+01 2.584448265244662224e+01 2.582172578680260244e+01 2.583771856428503355e+01 2.582138093648899257e+01 2.583737760629480107e+01 2.584475903760470672e+01 2.584326029714236128e+01 2.583697804959696498e+01 2.584453806853657554e+01 2.584431844060520689e+01
2.584375027498483135e+01 2.582787093116755273e+01 2.584191032971783741e+01 2.583763413019112676e+01 2.582556489186585225e+01 2.583442277788228481e+01 2.582309801857235954e+01 2.584417823093080457e+01 2.582221018352662867e+01 2.583594736920801438e+01 2.584392726414877473e+01 2.582189523872622416e+01 2.582817248579385350e+01 2.583675287624628325e+01 2.584162888108843958e+01 2.582952376448770693e+01 2.582529584904222020e+01 2.584179571682355814e+01 2.582537691446324146e+01 2.582260747466903794e+01 2.583970502803290969e+01 2.582971001025285318e+01 2.583000929490453501e+01 2.583098073737497913e+01 2.582501664438569478e+01 2.583386770007267330e+01 2.582267954249683228e+01 2.584088526720990586e+01 2.584117943538829110e+01 2.582474607853909987e+01 2.584383491794093857e+01 2.582235204515272642e+01 2.583744993655865230e+01 2.582202646129193724e+01 2.583712796496142516e+01 2.584409555001111869e+01 2.584268130393752472e+01 2.583675068985873224e+01 2.584388714061385528e+01 2.584368011620890115e+01
2.584314351195064674e+01 2.582815346840959236e+01 2.584140681216909385e+01 2.583737006338166964e+01 2.582597642060607157e+01 2.583433852341492454e+01 2.582364753728569440e+01 2.584354745005341059e+01 2.582280930859947077e+01 2.583577790423305487e+01 2.584331063428466990e+01 2.582251200209854147e+01 2.582843804378443409e+01 2.583653813828795620e+01 2.584114098248365821e+01 2.582971380914940340e+01 2.582572240257723806e+01 2.584129861262094252e+01 2.582579899928801126e+01 2.582318436171406617e+01 2.583932512318480690e+01 2.582988957844260369e+01 2.583017204782754561e+01 2.583108921915225054e+01 2.582545882141568683e+01 2.583381460223022685e+01 2.582325245793798985e+01 2.584043895326763973e+01 2.584071685783908734e+01 2.582520342340980335e+01 2.584322367353439631e+01 2.582294319294920371e+01 2.583719612444670588e+01 2.582263592446608413e+01 2.583689216844394210e+01 2.584346946708114956e+01 2.584213443686179801e+01 2.583653619143431612e+01 2.584327292336743298e+01 2.584307727195059812e+01
2.584257096981419721e+01 2.582842015707053207e+01 2.584093144426108069e+01 2.583712068837262876e+01 2.582636488832954313e+01 2.583425898756993178e+01 2.582416624564509533e+01 2.584295212638010142e+01 2.582337496262794474e+01 2.583561781084449649e+01 2.584272846164738269e+01 2.582309423318484676e+01 2.582868880864142724e+01 2.583633553733385213e+01 2.584068060234260145e+01 2.582989313378005747e+01 2.582612510080768331e+01 2.584082935678637938e+01 2.582619740537352016e+01 2.582372904207070974e+01 2.583896629362651964e+01 2.583005899589293008e+01 2.583032575378074114e+01 2.583119162976716865e+01 2.582587629361347581e+01 2.583376433683793749e+01 2.582379333898305873e+01 2.584001776363227521e+01 2.584028000677704284e+01 2.582563510989481159e+01 2.584264643031174558e+01 2.582350130692832835e+01 2.583695648699464442e+01 2.582321126183911630e+01 2.583666971409640567e+01 2.584287861951720799e+01 2.584161818958461865e+01 2.583633368934916774e+01 2.584269295837419733e+01 2.584250824856539452e+01
2.584203039228084720e+01 2.582867184220485157e+01 2.584048271432410715e+01 2.583688539638032111e+01 2.582673166068400761e+01 2.583418393949493463e+01 2.582465595209966125e+01 2.584239018120865694e+01 2.582390893226860840e+01 2.583546660770185355e+01 2.584217903716709230e+01 2.582364392082415350e+01 2.582892549413623229e+01 2.583614416289179516e+01 2.584024589231103164e+01 2.583006244429074982e+01 2.582650530632972874e+01 2.584038623312014593e+01 2.582657349347817188e+01 2.582424325924616326e+01 2.583862748995250769e+01 2.583021897413408396e+01 2.583047085137812715e+01 2.583128821214690873e+01 2.582627036152636180e+01 2.583371686880852991e+01 2.582430391031409300e+01 2.583962023056557200e+01 2.583986770136348099e+01 2.582604266421661521e+01 2.584210151281001089e+01 2.582402823752638454e+01 2.583673037200766842e+01 2.582375441384647985e+01 2.583645968141877702e+01 2.584232066858647059e+01 2.584113103865286121e+01 2.583614240468685708e+01 2.584214541045116675e+01 2.584197124441368132e+01
2.584152000391100756e+01 2.582890946646296015e+01 2.584005912370795954e+01 2.583666325011463272e+01 2.582707788960487960e+01 2.583411303007281745e+01 2.582511829259553338e+01 2.584185963086879667e+01 2.582441302703950470e+01 2.583532392971483915e+01 2.584166037876573796e+01 2.582416287074044092e+01 2.582914887957988270e+01 2.583596344657107480e+01 2.583983544766664053e+01 2.583022227651017033e+01 2.582686419459720994e+01 2.583996797199681339e+01 2.582692856777718404e+01 2.582472866799439970e+01 2.583830778073317447e+01 2.583037000500965874e+01 2.583060774994943642e+01 2.583137938830513036e+01 2.582664236112731260e+01 2.583367210858231289e+01 2.582478593188444549e+01 2.583924483372843284e+01 2.583947854083152862e+01 2.582642743132613106e+01 2.584158726301043174e+01 2.582452565494247310e+01 2.583651685761356021e+01 2.582426720564157918e+01 2.583626130067764848e+01 2.584179396576483612e+01 2.584067109383818917e+01 2.583596185108636689e+01 2.584162865498941386e+01 2.584146422509294183e+01
2.584103830062925056e+01 2.582913380155417116e+01 2.583965922886688915e+01 2.583645345886458600e+01 2.582740471038050600e+01 2.583404606067823295e+01 2.582555473855220640e+01 2.584135881407870983e+01 2.582488894546628089e+01 2.583518922393490058e+01 2.584117069171741576e+01 2.582465276863241144e+01 2.582935978622846562e+01 2.583579290877057133e+01 2.583944807532830623e+01 2.583037311798543101e+01 2.582720298028175065e+01 2.583957318750682219e+01 2.582726375986980472e+01 2.582518693057260961e+01 2.583800593970573090e+01 2.583051252804699871e+01 2.583073698893973003e+01 2.583146548417115085e+01 2.582699356434421389e+01 2.583362981077468845e+01 2.582524100678894996e+01 2.583889045619127245e+01 2.583911108806684354e+01 2.582679063583253765e+01 2.584110175555341016e+01 2.582499523570792732e+01 2.583631523409113129e+01 2.582475129968891636e+01 2.583607406162596476e+01 2.584129688299740479e+01 2.584023682966938651e+01 2.583579143609386009e+01 2.584114082818111768e+01 2.584098555634510319e+01
2.584058358069212247e+01 2.582934554223970736e+01 2.583928172211214758e+01 2.583625544671791374e+01 2.582771325356547365e+01 2.583398286130316279e+01 2.582596675398752950e+01 2.584088608440176671e+01 2.582533822542006163e+01 2.583506200587367019e+01 2.584070846647926345e+01 2.582511525788162743e+01 2.582955888862013794e+01 2.583563189923464876e+01 2.583908239127307738e+01 2.583051551192144046e+01 2.582752282839533464e+01 2.583920044805399741e+01 2.582758017051448718e+01 2.582561956833589889e+01 2.583772092623609140e+01 2.583064707324304266e+01 2.583085901114121441e+01 2.583154672462686108e+01 2.582732510396971293e+01 2.583358984598641683e+01 2.582567059870885728e+01 2.583855598305186163e+01 2.583876420485977832e+01 2.582713350984996481e+01 2.584064337717385484e+01 2.582543856477041544e+01 2.583612493948456645e+01 2.582520829777115523e+01 2.583589732778760961e+01 2.584082758838885852e+01 2.583982695904604299e+01 2.583563051131448418e+01 2.584068025361154852e+01 2.584053376745178454e+01
2.584015426146167727e+01 2.582954542765691031e+01 2.583892536204127666e+01 2.583606853902131917e+01 2.582800453226364112e+01 2.583392318534753684e+01 2.582635573142754737e+01 2.584043979925836609e+01 2.582576235464799197e+01 2.583494192272372558e+01 2.584027215362664975e+01 2.582555187948750941e+01 2.582974681693189822e+01 2.583547985617177289e+01 2.583873712410562717e+01 2.583064994394297997e+01 2.582782476917883940e+01 2.583884856651658168e+01 2.582787888267672827e+01 2.582602798137075695e+01 2.583745190997208141e+01 2.583077410362279380e+01 2.583097417273849317e+01 2.583162339954899878e+01 2.582763807311798132e+01 2.583355214020447121e+01 2.582607614646656913e+01 2.583824020143542555e+01 2.583843678845788361e+01 2.582745720942845224e+01 2.584021072819503217e+01 2.582585708045116490e+01 2.583594530059449568e+01 2.582563973446131200e+01 2.583573043805492375e+01 2.584038452549212295e+01 2.583944004867715805e+01 2.583547858090950911e+01 2.584024550751768956e+01 2.584010727168904964e+01
2.583974900496066951e+01 2.582973413788489836e+01 2.583858894771447368e+01 2.583589205559405144e+01 2.582827949220668629e+01 2.583386682639896037e+01 2.582672293784256468e+01 2.584001849380558724e+01 2.582616276110196196e+01 2.583482857242560016e+01 2.583986023766419393e+01 2.582596406364577746e+01 2.582992422726527337e+01 2.583533634135237023e+01 2.583841120968063620e+01 2.583077683480620479e+01 2.582810979516684924e+01 2.583851642276503568e+01 2.582816088029529666e+01 2.582641353616837065e+01 2.583719797134453700e+01 2.583089400439545358e+01 2.583108287509033119e+01 2.583169579586833109e+01 2.582793353296349537e+01 2.583351654128449937e+01 2.582645901303794034e+01 2.583794207220449834e+01 2.583812768210066224e+01 2.582776278471779108e+01 2.583980231440902742e+01 2.582625216582304262e+01 2.583577568034941407e+01 2.582604703080619757e+01 2.583557288475185487e+01 2.583996632359307100e+01 2.583907475203626802e+01 2.583533517710002059e+01 2.583983512858133480e+01 2.583970461681269626e+01
2.583936646652479752e+01 2.582991227337715046e+01 2.583827136241385602e+01 2.583572544973666396e+01 2.582853906245724573e+01 2.583381362758640876e+01 2.582706958483143467e+01 2.583962080040966569e+01 2.582654076231776230e+01 2.583472154353015782e+01 2.583947138499738827e+01 2.582635317836566102e+01 2.583009171522896708e+01 2.583520086924174919e+01 2.583810356323555624e+01 2.583089661345397303e+01 2.582837887518341446e+01 2.583820286283553713e+01 2.582842708354461791e+01 2.582677752476124056e+01 2.583695821230863743e+01 2.583100718333046686e+01 2.583118550374011591e+01 2.583176413218787459e+01 2.582821245847658176e+01 2.583348291268552543e+01 2.582682045042306385e+01 2.583766066210753465e+01 2.583783586125253606e+01 2.582805124954467857e+01 2.583941672953213242e+01 2.582662515000291137e+01 2.583561556119583713e+01 2.582643152833544065e+01 2.583542417210675879e+01 2.583957154494616759e+01 2.583872992378563538e+01 2.583519978911371950e+01 2.583944769633476213e+01 2.583932452912379674e+01
2.583900532156169660e+01 2.583008042926258696e+01 2.583797156168386522e+01 2.583556818845074332e+01 2.582878411017074427e+01 2.583376340783209457e+01 2.582739683762990168e+01 2.583924537173645319e+01 2.582689760253594358e+01 2.583462050152247258e+01 2.583910432584434602e+01 2.582672052228889470e+01 2.583024981720475211e+01 2.583507295831497430e+01 2.583781311612191089e+01 2.583100969226153154e+01 2.582863289801898077e+01 2.583790683954206813e+01 2.582867838740811806e+01 2.582712114039009421e+01 2.583673187773852220e+01 2.583111403582618593e+01 2.583128238078956684e+01 2.583182862939916902e+01 2.582847576478122420e+01 2.583345117005065106e+01 2.582716165370027994e+01 2.583739500702990455e+01 2.583756039717323105e+01 2.582832357524635469e+01 2.583905274632616766e+01 2.582697726323748100e+01 2.583546441812610084e+01 2.582679451035010487e+01 2.583528377037127299e+01 2.583919883818940022e+01 2.583840442412089189e+01 2.583507196438695530e+01 2.583908195732956159e+01 2.583896573743631819e+01
2.583866439226378375e+01 2.583023917889152798e+01 2.583768854540874926e+01 2.583541971961966510e+01 2.582901543699630409e+01 2.583371598776999178e+01 2.582770577806289936e+01 2.583889095222825460e+01 2.582723447452740828e+01 2.583452512513703780e+01 2.583875780983849069e+01 2.582706730835513653e+01 2.583039906453758050e+01 2.583495220587118268e+01 2.583753892626163307e+01 2.583111643807932012e+01 2.582887269543662967e+01 2.583762740261646584e+01 2.582891563020918824e+01 2.582744552048512432e+01 2.583651823154774263e+01 2.583121490419379285e+01 2.583137382429447726e+01 2.583188951974343794e+01 2.582872433380645560e+01 2.583342120945039966e+01 2.582748376597052697e+01 2.583714420525931388e+01 2.583730035668883573e+01 2.582858065939951331e+01 2.583870916030378595e+01 2.582730966453420507e+01 2.583532172186743026e+01 2.582713718143930848e+01 2.583515121579041818e+01 2.583884701003817952e+01 2.583809712920244550e+01 2.583495130283132823e+01 2.583873671452093745e+01 2.583862701531409201e+01
2.583834256773144489e+01 2.583038904154275173e+01 2.583742137003408601e+01 2.583527955319507186e+01 2.582923381293840492e+01 2.583367122066291444e+01 2.582799742320050740e+01 2.583855638296241608e+01 2.582755249643903284e+01 2.583443508141748879e+01 2.583843068608631199e+01 2.582739468364047397e+01 2.583053996267556940e+01 2.583483822216543757e+01 2.583728010128916353e+01 2.583121720233311436e+01 2.582909907096069446e+01 2.583736361350495869e+01 2.582913959081165700e+01 2.582775174980416111e+01 2.583631653452040666e+01 2.583131011875709859e+01 2.583146015245653615e+01 2.583194700302922797e+01 2.582895899323278144e+01 2.583339291686625572e+01 2.582778785241751862e+01 2.583690745065075234e+01 2.583705486110180516e+01 2.582882334961199788e+01 2.583838479609379135e+01 2.582762346380223306e+01 2.583518700863411510e+01 2.582746067241752996e+01 2.583502609047645393e+01 2.583851489488261421e+01 2.583780703375964194e+01 2.583483739704064774e+01 2.583841079298029086e+01 2.583830725736602218e+01
2.583803875650783510e+01 2.583053051013787993e+01 2.583716915294832361e+01 2.583514724141214103e+01 2.582943996893992278e+01 2.583362896260228325e+01 2.582827274594109213e+01 2.583824054912372503e+01 2.582785271702319818e+01 2.583435007197641653e+01 2.583812188588806791e+01 2.582770373811698761e+01 2.583067297215580282e+01 2.583473061268918869e+01 2.583703576097737198e+01 2.583131232736197092e+01 2.582931277928519620e+01 2.583711458198051858e+01 2.582935101386507881e+01 2.582804084139025136e+01 2.583612612183485879e+01 2.583140000609339992e+01 2.583154164917054629e+01 2.583200126215336212e+01 2.582918051600044151e+01 2.583336620559466468e+01 2.582807491632229357e+01 2.583668395743200108e+01 2.583682311309883062e+01 2.582905245733089572e+01 2.583807858825942105e+01 2.582791970356526434e+01 2.583505984435927871e+01 2.582776605801021930e+01 2.583490796953001478e+01 2.583820136151286917e+01 2.583753319268681636e+01 2.583472985921755338e+01 2.583810311168189600e+01 2.583800541293906150e+01
2.583775194668105968e+01 2.583066406153530892e+01 2.583693105710782589e+01 2.583502233656567881e+01 2.582963458543385826e+01 2.583358906651361409e+01 2.582853266174081597e+01 2.583794239225374767e+01 2.582813613422369059e+01 2.583426982529764260e+01 2.583783037555268436e+01 2.582799549672576944e+01 2.583079853261655856e+01 2.583462902207264378e+01 2.583680509279185955e+01 2.583140212840014982e+01 2.582951452380151380e+01 2.583687949391814342e+01 2.582955060553151583e+01 2.582831375024375120e+01 2.583594637735214405e+01 2.583148486355919715e+01 2.583161857887823132e+01 2.583205248342285287e+01 2.582938963836524238e+01 2.583334099365107761e+01 2.582834591420617443e+01 2.583647296819228956e+01 2.583660434458489519e+01 2.582926874346354396e+01 2.583778953442023862e+01 2.582819936134326255e+01 2.583493979635127857e+01 2.582805435361138890e+01 2.583479645325498453e+01 2.583790537885936800e+01 2.583727467956362744e+01 2.583462834189037949e+01 2.583781266442025881e+01 2.583772046282910395e+01
2.583748120020524652e+01 2.583079013907372357e+01 2.583670628929103685e+01 2.583490441813369998e+01 2.582981830659664269e+01 2.583355140140252360e+01 2.582877802881365881e+01 2.583766092824341598e+01 2.582840369084333787e+01 2.583419407102113041e+01 2.583755517993901663e+01 2.582827092490420995e+01 2.583091706653391384e+01 2.583453312275452873e+01 2.583658734384234279e+01 2.583148690010578363e+01 2.582970497478221006e+01 2.583665757175671374e+01 2.582973902551884748e+01 2.582857138512966344e+01 2.583577669493337581e+01 2.583156496785100487e+01 2.583169120224548365e+01 2.583210083983537331e+01 2.582958705739391192e+01 2.583331719117988712e+01 2.582860174640960338e+01 2.583627378931103280e+01 2.583639781834457239e+01 2.582947292199539646e+01 2.583751666111529133e+01 2.582846336617088667e+01 2.583482646383989589e+01 2.582832651342919306e+01 2.583469118137249154e+01 2.583762597578086329e+01 2.583703063269921785e+01 2.583453251053735755e+01 2.583753847874706366e+01 2.583745146129848891e+01
2.583722561332512413e+01 2.583090915740112692e+01 2.583649410430734150e+01 2.583479310278297092e+01 2.582999174533746967e+01 2.583351584654736399e+01 2.582900966186599589e+01 2.583739522519888965e+01 2.582865627214518867e+01 2.583412255394965129e+01 2.583729539294928301e+01 2.582853093754630436e+01 2.583102896645266711e+01 2.583444259184530267e+01 2.583638178637784932e+01 2.583156692642966590e+01 2.582988476752311158e+01 2.583644807002578148e+01 2.582991689778932454e+01 2.582881460168217203e+01 2.583561650633968299e+01 2.583164058823747666e+01 2.583175976239057547e+01 2.583214648776947087e+01 2.582977342637640561e+01 2.583329471874185046e+01 2.582884325868070263e+01 2.583608576577531579e+01 2.583620285282501428e+01 2.582966567188493201e+01 2.583725905948366020e+01 2.582871259638588413e+01 2.583471947844235928e+01 2.582858343989037309e+01 2.583459180529067112e+01 2.583736221310711301e+01 2.583680025319838336e+01 2.583444204112151965e+01 2.583727963833450403e+01 2.583719752458809182e+01
2.583698433089439206e+01 2.583102151358500009e+01 2.583629379890253119e+01 2.583468802130632369e+01 2.583015547703888259e+01 2.583348228191672291e+01 2.582922833161664045e+01 2.583714439594569967e+01 2.582889471566998907e+01 2.583405504127625463e+01 2.583705015260740012e+01 2.582877639819471227e+01 2.583113460123931659e+01 2.583435712575235499e+01 2.583618773255768275e+01 2.583164247445995798e+01 2.583005449695404110e+01 2.583625029532737472e+01 2.583008481491859953e+01 2.582904420452696570e+01 2.583546528774530060e+01 2.583171197760782434e+01 2.583182448349656113e+01 2.583218957945018701e+01 2.582994936294900157e+01 2.583327350615992302e+01 2.582907125294786965e+01 2.583590826676499930e+01 2.583601880543945839e+01 2.582984763445892185e+01 2.583701588321848774e+01 2.582894787706186435e+01 2.583461848339403844e+01 2.582882598688781428e+01 2.583449798951733811e+01 2.583711321292755514e+01 2.583658277302465933e+01 2.583435663506100610e+01 2.583703529080971251e+01 2.583695780493988181e+01
2.583675655731542165e+01 2.583112758218474170e+01 2.583610470698685546e+01 2.583458882029447423e+01 2.583031004346338477e+01 2.583345059500940266e+01 2.582943476234916247e+01 2.583690760805464492e+01 2.582911981417668557e+01 2.583399130953835865e+01 2.583681863971302661e+01 2.582900812019169479e+01 2.583123432347628423e+01 2.583427644526470246e+01 2.583600454341618047e+01 2.583171379324955552e+01 2.583021472532684371e+01 2.583606359527872698e+01 2.583024333404892303e+01 2.582926095605056815e+01 2.583532253674741952e+01 2.583177937044239059e+01 2.583188558116349753e+01 2.583223026051304672e+01 2.583011545256412234e+01 2.583325348178996705e+01 2.582928648724775300e+01 2.583574070237473563e+01 2.583584506077185594e+01 2.583001941209264629e+01 2.583678632244072304e+01 2.582916998824214261e+01 2.583452313992471971e+01 2.582905495880561020e+01 2.583440942504178395e+01 2.583687815593977533e+01 2.583637746473801400e+01 2.583427601201509560e+01 2.583680462508389652e+01 2.583673150276430164e+01
2.583654153765038330e+01 2.583122771354896585e+01 2.583592620061423517e+01 2.583449517251268190e+01 2.583045595854615684e+01 2.583342068272799708e+01 2.582962963837723436e+01 2.583668407793795296e+01 2.582933231413643682e+01 2.583393114455331840e+01 2.583660008729709290e+01 2.582922687235912207e+01 2.583132846502125091e+01 2.583420028275200053e+01 2.583583161170222553e+01 2.583178111975131586e+01 2.583036598596263289e+01 2.583588734699360145e+01 2.583039298005299145e+01 2.582946557662836540e+01 2.583518777510574438e+01 2.583184299066746803e+01 2.583194326021023812e+01 2.583226866479230921e+01 2.583027224630882301e+01 2.583323457745195384e+01 2.582948967475167024e+01 2.583558252058513460e+01 2.583568104125249221e+01 2.583018157458300124e+01 2.583656961064478708e+01 2.582937966828599130e+01 2.583443313431966004e+01 2.582927111469403769e+01 2.583432582045516668e+01 2.583665625954906631e+01 2.583618365086961788e+01 2.583419990228436447e+01 2.583658687095058326e+01 2.583651787091640273e+01
2.583633855413201275e+01 2.583132223996488719e+01 2.583575768792337612e+01 2.583440676905203404e+01 2.583059370716715364e+01 2.583339244582053595e+01 2.582981360744181387e+01 2.583647306198210458e+01 2.582953291992193101e+01 2.583387434764573953e+01 2.583639377181688701e+01 2.582943338121144805e+01 2.583141733697392084e+01 2.583412838293602576e+01 2.583566835985615739e+01 2.583184467858569633e+01 2.583050878083492563e+01 2.583572096425996989e+01 2.583053425022940885e+01 2.582965874443456045e+01 2.583506055771184151e+01 2.583190305098507267e+01 2.583199771101518749e+01 2.583230491902671488e+01 2.583042026372240230e+01 2.583321673212360992e+01 2.582968148926111951e+01 2.583543319484737921e+01 2.583552620532935862e+01 2.583033466112931364e+01 2.583636503159679165e+01 2.582957761273677733e+01 2.583434816885599616e+01 2.582947517233273871e+01 2.583424689593700663e+01 2.583644678350932367e+01 2.583600068926500626e+01 2.583412805252461553e+01 2.583638130715337411e+01 2.583631620035134091e+01
2.583614693373855431e+01 2.583141147630575318e+01 2.583559860928349394e+01 2.583432331449970576e+01 2.583072374571206353e+01 2.583336578954564189e+01 2.582998727996432464e+01 2.583627385865376169e+01 2.582972229779787554e+01 2.583382073155816983e+01 2.583619900633129163e+01 2.582962833174624961e+01 2.583150123452157843e+01 2.583406050830978273e+01 2.583551424692819865e+01 2.583190468025021147e+01 2.583064358298092245e+01 2.583556389702498635e+01 2.583066761387615884e+01 2.582984110017059010e+01 2.583494046389028753e+01 2.583195975005521206e+01 2.583204911379304036e+01 2.583233914477116855e+01 2.583055999650779100e+01 2.583319988699366831e+01 2.582986256809395087e+01 2.583529222761270816e+01 2.583538003815732509e+01 2.583047917951131467e+01 2.583617190713370348e+01 2.582976447775259743e+01 2.583426795954318322e+01 2.582966780902625814e+01 2.583417238917630954e+01 2.583624903509436876e+01 2.583582796946300419e+01 2.583406022593813489e+01 2.583618725296281582e+01 2.583612581889056869e+01
2.583596604215120962e+01 2.583149571835434699e+01 2.583544843624810383e+01 2.583424453161357448e+01 2.583084650577715280e+01 2.583334062600425085e+01 2.583015123168093652e+01 2.583608580782661335e+01 2.582990107638092780e+01 2.583377011727314709e+01 2.583601514382343467e+01 2.582981237061675728e+01 2.583158043691538097e+01 2.583399643463370410e+01 2.583536876290446216e+01 2.583196132354952113e+01 2.583077084020452219e+01 2.583541562350606924e+01 2.583079351303011251e+01 2.583001324959902689e+01 2.583482709297556568e+01 2.583201327555106985e+01 2.583209764015427368e+01 2.583237145565399828e+01 2.583069190870489251e+01 2.583318398506315816e+01 2.583003351206224352e+01 2.583515915258145412e+01 2.583524205313499778e+01 2.583061560887396269e+01 2.583598959366312897e+01 2.582994088387765430e+01 2.583419224046467733e+01 2.582984966363100909e+01 2.583410205446987007e+01 2.583606235859329558e+01 2.583566491860331382e+01 2.583399619716273676e+01 2.583600406230739210e+01 2.583594609545399123e+01
2.583579527745974147e+01 2.583157524526059845e+01 2.583530667055195096e+01 2.583417016016061751e+01 2.583096239525338689e+01 2.583331687211335037e+01 2.583030600697831503e+01 2.583590828516280169e+01 2.583006984851746068e+01 2.583372233657008366e+01 2.583584157517869784e+01 2.582998610881912427e+01 2.583165520660587333e+01 2.583393594815222372e+01 2.583523142352430568e+01 2.583201479699545899e+01 2.583089097518332622e+01 2.583527565027848638e+01 2.583091236551713621e+01 2.583017576390835757e+01 2.583472006855832603e+01 2.583206380580860184e+01 2.583214345112067889e+01 2.583240195827512053e+01 2.583081643770702129e+01 2.583316897384665722e+01 2.583019488801966190e+01 2.583503352834178912e+01 2.583511179327691565e+01 2.583074440236601532e+01 2.583581748633390163e+01 2.583010741672670463e+01 2.583412076132943369e+01 2.583002133969268499e+01 2.583403565790499101e+01 2.583588613224190667e+01 2.583551099690875930e+01 2.583393575282826049e+01 2.583583112674310200e+01 2.583577643445788752e+01
2.583563407223207165e+01 2.583165032142441220e+01 2.583517284164830841e+01 2.583409995284143079e+01 2.583107179854804514e+01 2.583329444854800983e+01 2.583045211970639343e+01 2.583574070056214111e+01 2.583022917436297661e+01 2.583367723159390650e+01 2.583567772380618877e+01 2.583015012294222146e+01 2.583172579150096126e+01 2.583387884797302547e+01 2.583510177248281181e+01 2.583206527809765518e+01 2.583100438622674133e+01 2.583514351339866977e+01 2.583102456612147080e+01 2.583032918208892070e+01 2.583461903656779768e+01 2.583211150856462979e+01 2.583218669822955604e+01 2.583243075419050072e+01 2.583093399680156921e+01 2.583315480405627795e+01 2.583034723174659675e+01 2.583491493672710604e+01 2.583498882647629102e+01 2.583086598753354224e+01 2.583565501498309658e+01 2.583026462859130845e+01 2.583405328423042135e+01 2.583018340711937100e+01 2.583397297836829765e+01 2.583571977136001152e+01 2.583536569237522684e+01 2.583387869282581306e+01 2.583566787329875325e+01 2.583561627157187601e+01
2.583548189229819059e+01 2.583172119608863326e+01 2.583504650505928169e+01 2.583403367602711498e+01 2.583117507856653816e+01 2.583327328085059094e+01 2.583059005447998402e+01 2.583558249797923168e+01 2.583037958286486457e+01 2.583363465243017032e+01 2.583552304511708542e+01 2.583030495709891383e+01 2.583179242623669936e+01 2.583382494524859396e+01 2.583497938029206153e+01 2.583211293411302378e+01 2.583111144969432615e+01 2.583501877458076379e+01 2.583113048706124459e+01 2.583047401347063854e+01 2.583452366111525578e+01 2.583215654173213238e+01 2.583222752529599475e+01 2.583245793923313371e+01 2.583104497636916363e+01 2.583314142824807647e+01 2.583049104895336967e+01 2.583480298433454081e+01 2.583487274372891562e+01 2.583098076761211104e+01 2.583550163942857836e+01 2.583041304122314585e+01 2.583398958484025343e+01 2.583033640361313843e+01 2.583391380838627072e+01 2.583556272464217329e+01 2.583522852214962029e+01 2.583382482801460966e+01 2.583551375962103336e+01 2.583546507489397470e+01
2.583533823228835047e+01 2.583178810417386018e+01 2.583492724141284214e+01 2.583397111019097991e+01 2.583127257827256784e+01 2.583325329904706535e+01 2.583072026904585528e+01 2.583543315248454419e+01 2.583052157302463314e+01 2.583359445737404769e+01 2.583537702607124942e+01 2.583045112517492115e+01 2.583185533194729544e+01 2.583377406080610328e+01 2.583486384045070849e+01 2.583215792332152816e+01 2.583121252114084143e+01 2.583490101912109083e+01 2.583123047972046749e+01 2.583061073879519398e+01 2.583443362508314323e+01 2.583219905492359914e+01 2.583226606800711167e+01 2.583248360332579807e+01 2.583114974461516766e+01 2.583312880186514349e+01 2.583062681670604022e+01 2.583469730004692977e+01 2.583476315981726756e+01 2.583108912357366549e+01 2.583535685010752303e+01 2.583055314733853436e+01 2.583392945221572390e+01 2.583048083684550633e+01 2.583385795170081067e+01 2.583541447004192548e+01 2.583509903163900034e+01 2.583377397915289109e+01 2.583536827354415877e+01 2.583532234317191723e+01
2.583520261473957191e+01 2.583185126781386032e+01 2.583481465487617612e+01 2.583391204773686312e+01 2.583136462125525057e+01 2.583323443667339347e+01 2.583084319570114218e+01 2.583529216795329830e+01 2.583065561598854032e+01 2.583355651324526292e+01 2.583523918205648329e+01 2.583058911232297916e+01 2.583191471718355459e+01 2.583372602541240326e+01 2.583475476892935419e+01 2.583220039514473143e+01 2.583130793589772622e+01 2.583478985613499290e+01 2.583132487608755667e+01 2.583073981164050537e+01 2.583434863007731508e+01 2.583223918938303143e+01 2.583230245402568315e+01 2.583250783160460173e+01 2.583124864914233143e+01 2.583311688326638134e+01 2.583075498557323613e+01 2.583459753260801506e+01 2.583465971133533756e+01 2.583119141515243911e+01 2.583522016696604595e+01 2.583068541179090971e+01 2.583387268669300596e+01 2.583061718623506309e+01 2.583380522245937172e+01 2.583527451507632833e+01 2.583497679087774657e+01 2.583372597745883326e+01 2.583523093251821834e+01 2.583518760234946043e+01
2.583507458974252202e+01 2.583191089675805330e+01 2.583470837161652867e+01 2.583385629223698743e+01 2.583145151284658780e+01 2.583321663096555909e+01 2.583095924232377527e+01 2.583515907630637898e+01 2.583078215670582267e+01 2.583352069415398233e+01 2.583510905510282640e+01 2.583071937640179883e+01 2.583197077912014450e+01 2.583368067986292260e+01 2.583465180394171767e+01 2.583224049040075698e+01 2.583139801051164142e+01 2.583468491691465019e+01 2.583141398944517420e+01 2.583086166036218501e+01 2.583426839399477259e+01 2.583227707811856177e+01 2.583233680409011868e+01 2.583253070463976186e+01 2.583134201828189447e+01 2.583310563280858574e+01 2.583087598101832327e+01 2.583450335066951453e+01 2.583456205458802302e+01 2.583128798172704421e+01 2.583509113617793673e+01 2.583081027344814018e+01 2.583381909952220212e+01 2.583074590426386408e+01 2.583375544569149440e+01 2.583514239563516668e+01 2.583486139361246003e+01 2.583368066380527495e+01 2.583510128070298606e+01 2.583506040478289378e+01
2.583495373244351612e+01 2.583196718877266562e+01 2.583460803876120337e+01 2.583380365866218398e+01 2.583153354145242631e+01 2.583319982291020622e+01 2.583106879396193278e+01 2.583503343589739387e+01 2.583090161510516936e+01 2.583348688097231971e+01 2.583498621327009204e+01 2.583084234969234316e+01 2.583202370387699887e+01 2.583363787366484843e+01 2.583455460379335733e+01 2.583227834212015139e+01 2.583148304400407369e+01 2.583458585290790666e+01 2.583149811543172447e+01 2.583097668942092184e+01 2.583419265013096222e+01 2.583231284682652529e+01 2.583236923232481530e+01 2.583255229824829513e+01 2.583143016189895391e+01 2.583309501295669719e+01 2.583099020452319294e+01 2.583441444185964286e+01 2.583446986525213873e+01 2.583137914372451505e+01 2.583496932903498333e+01 2.583092814677095106e+01 2.583376851293818532e+01 2.583086741804285325e+01 2.583370845634348711e+01 2.583501767304484886e+01 2.583475245697468381e+01 2.583363788762252966e+01 2.583497888736152248e+01 2.583494032845695187e+01
2.583483964134937239e+01 2.583202033062565661e+01 2.583451332326983518e+01 2.583375397242468097e+01 2.583161097934468842e+01 2.583318395669635947e+01 2.583117221424431165e+01 2.583491482954835661e+01 2.583101438756312263e+01 2.583345496145554421e+01 2.583487024891692485e+01 2.583095844034388477e+01 2.583207366698247398e+01 2.583359746450384975e+01 2.583446284554995032e+01 2.583231407597828877e+01 2.583156331858032928e+01 2.583449233511360887e+01 2.583157753325565409e+01 2.583108528050802377e+01 2.583412114712344021e+01 2.583234661429609957e+01 2.583239984626364816e+01 2.583257268398460837e+01 2.583151337244206047e+01 2.583308498851388180e+01 2.583109803510691904e+01 2.583433051095950717e+01 2.583438283747297248e+01 2.583146520374475941e+01 2.583485434133899972e+01 2.583103942293576694e+01 2.583372075909125343e+01 2.583098213086050521e+01 2.583366409825899979e+01 2.583489993296169018e+01 2.583464961945906069e+01 2.583359750679480626e+01 2.583486334623540870e+01 2.583482697480913259e+01
2.583473193770834087e+01 2.583207049873697514e+01 2.583442391069132071e+01 2.583370706843195563e+01 2.583168408345137124e+01 2.583316897953503499e+01 2.583126984638866119e+01 2.583480286341640308e+01 2.583112084836150046e+01 2.583342482970948595e+01 2.583476077694283646e+01 2.583106803360588088e+01 2.583212083422142769e+01 2.583355931825183305e+01 2.583437622461037364e+01 2.583234781051347895e+01 2.583163910056838120e+01 2.583440405321512401e+01 2.583165250650684186e+01 2.583118779396198406e+01 2.583405364772826118e+01 2.583237849252679652e+01 2.583242874741846151e+01 2.583259192954249528e+01 2.583159192607197596e+01 2.583307552620857450e+01 2.583119983066972480e+01 2.583425127916991926e+01 2.583430068230158838e+01 2.583154644737450312e+01 2.583474579146702510e+01 2.583114447117119283e+01 2.583367567929212782e+01 2.583109042342406880e+01 2.583362222409569142e+01 2.583478878466097228e+01 2.583455253945189867e+01 2.583355938735076052e+01 2.583475427389547008e+01 2.583471996733285891e+01
2.583463026410537466e+01 2.583211785955848327e+01 2.583433950415454916e+01 2.583366279090247630e+01 2.583175309635686645e+01 2.583315484169092002e+01 2.583136201434955481e+01 2.583469716586718334e+01 2.583122135082169990e+01 2.583339638560710938e+01 2.583465743386079083e+01 2.583117149315254579e+01 2.583216536216081494e+01 2.583352330833213273e+01 2.583429445352815534e+01 2.583237965761493982e+01 2.583171064146883111e+01 2.583432071412632069e+01 2.583172328394526218e+01 2.583128457002476352e+01 2.583398992771672908e+01 2.583240858723060995e+01 2.583245603173369176e+01 2.583261009876860470e+01 2.583166608349625903e+01 2.583306659450717646e+01 2.583129592903222260e+01 2.583417648354005536e+01 2.583422312687429212e+01 2.583162314418317607e+01 2.583464331888459853e+01 2.583124364011402108e+01 2.583363312385507271e+01 2.583119265508739915e+01 2.583358269492371306e+01 2.583468385924112454e+01 2.583446089465688544e+01 2.583352340271596859e+01 2.583465130812653143e+01 2.583461895081403270e+01
2.583453428292004972e+01 2.583216257019997286e+01 2.583425982344845906e+01 2.583362099290517477e+01 2.583181824710931096e+01 2.583314149622500011e+01 2.583144902400577081e+01 2.583459738601271383e+01 2.583131622844034325e+01 2.583336953465337871e+01 2.583455987667321807e+01 2.583126916234058612e+01 2.583220739852490766e+01 2.583348931510153790e+01 2.583421726075168579e+01 2.583240972297092952e+01 2.583177817871543525e+01 2.583424204107214095e+01 2.583179010043259538e+01 2.583137592985543307e+01 2.583392977549902270e+01 2.583243699828943107e+01 2.583248178972990416e+01 2.583262725187180209e+01 2.583173609077776689e+01 2.583305816371855457e+01 2.583138664907067295e+01 2.583410587579415107e+01 2.583414991376769265e+01 2.583169554870844564e+01 2.583454658339297083e+01 2.583133725888526300e+01 2.583359295155583624e+01 2.583128916511545370e+01 2.583354537947149154e+01 2.583458480822650927e+01 2.583437438093823957e+01 2.583348943333159298e+01 2.583455410705102295e+01 2.583452358998060561e+01
2.583444367544783660e+01 2.583220477903994095e+01 2.583418460404269013e+01 2.583358153563369086e+01 2.583187975189330388e+01 2.583312889875876195e+01 2.583153116412037065e+01 2.583450319253981320e+01 2.583140579607514553e+01 2.583334418772230379e+01 2.583446778149001588e+01 2.583136136529843796e+01 2.583224708276446790e+01 2.583345722565257319e+01 2.583414438995540152e+01 2.583243810633119253e+01 2.583184193639825565e+01 2.583416777289544441e+01 2.583185317771593503e+01 2.583146217661086297e+01 2.583387299144613181e+01 2.583246381996380592e+01 2.583250610681308501e+01 2.583264344574947557e+01 2.583180218022470598e+01 2.583305020584977996e+01 2.583147229185594185e+01 2.583403922143132547e+01 2.583408079994813278e+01 2.583176390123275468e+01 2.583445526393315816e+01 2.583142563814066150e+01 2.583355502896606026e+01 2.583138027379872526e+01 2.583351015376820570e+01 2.583449130277870509e+01 2.583429271101993407e+01 2.583345736641942025e+01 2.583446234805131780e+01 2.583443356817821979e+01
2.583435814094429972e+01 2.583224462613609873e+01 2.583411359619250547e+01 2.583354428801752434e+01 2.583193781478485107e+01 2.583311700741727890e+01 2.583160870725694735e+01 2.583441427274682667e+01 2.583149035097621393e+01 2.583332026062364051e+01 2.583438084251108435e+01 2.583144840799366548e+01 2.583228454657051643e+01 2.583342693346808616e+01 2.583407559926637731e+01 2.583246490183254451e+01 2.583190212607983582e+01 2.583409766305952360e+01 2.583191272509967362e+01 2.583154359651290832e+01 2.583381938700056324e+01 2.583248914119779016e+01 2.583252906365794388e+01 2.583265873412311819e+01 2.583186457116289603e+01 2.583304269441107692e+01 2.583155314160839211e+01 2.583397629915731031e+01 2.583401555589777132e+01 2.583182842855747552e+01 2.583436905728787281e+01 2.583150907116727168e+01 2.583351923012410367e+01 2.583146628347843787e+01 2.583347690087094861e+01 2.583440303254391779e+01 2.583421561371074660e+01 2.583342709551434524e+01 2.583437572648143288e+01 2.583434858651205346e+01
2.583427739543919088e+01 2.583228224367419656e+01 2.583404656414611722e+01 2.583350912639568620e+01 2.583199262846396138e+01 2.583310578269826152e+01 2.583168191073494313e+01 2.583433033144905622e+01 2.583157017373165587e+01 2.583329767385466980e+01 2.583429877112843087e+01 2.583153057928120688e+01 2.583231991424311502e+01 2.583339833793826301e+01 2.583401066029068005e+01 2.583249019836636506e+01 2.583195894750381427e+01 2.583403147875445782e+01 2.583196894016604972e+01 2.583162045976237664e+01 2.583376878413597666e+01 2.583251304599039955e+01 2.583255073642733635e+01 2.583267316766638899e+01 2.583192347062011152e+01 2.583303560440032243e+01 2.583162946661297710e+01 2.583391690010233432e+01 2.583395396499749097e+01 2.583188934480612886e+01 2.583428767721570551e+01 2.583158783485219345e+01 2.583348543618310345e+01 2.583154747957294006e+01 2.583344551037027159e+01 2.583431970443275461e+01 2.583414283309644688e+01 2.583339852005727266e+01 2.583429395471710066e+01 2.583426836289358164e+01
2.583420117081582390e+01 2.583231775646241246e+01 2.583398328535611199e+01 2.583347593401661157e+01 2.583204437481675342e+01 2.583309518728485443e+01 2.583175101748593505e+01 2.583425108994308772e+01 2.583164552922459478e+01 2.583327635240387110e+01 2.583422129488235441e+01 2.583160815185216919e+01 2.583235330310445832e+01 2.583337134406668412e+01 2.583394935738474629e+01 2.583251407985321180e+01 2.583201258921256382e+01 2.583396900023416265e+01 2.583202200945737559e+01 2.583169302141549650e+01 2.583372101486206773e+01 2.583253561364608331e+01 2.583257119698813753e+01 2.583268679422724290e+01 2.583197907403176430e+01 2.583302891224876419e+01 2.583170152014786680e+01 2.583386082702529052e+01 2.583389582278375229e+01 2.583194685212665220e+01 2.583421085357527858e+01 2.583166219056467838e+01 2.583345353492106256e+01 2.583162413153679182e+01 2.583341587798931727e+01 2.583424104176614833e+01 2.583407412754450050e+01 2.583337154514022416e+01 2.583421676130141265e+01 2.583419263097337293e+01
2.583412921402138096e+01 2.583235128233089739e+01 2.583392354972199456e+01 2.583344460062629722e+01 2.583209322553504705e+01 2.583308518594215641e+01 2.583181625682892957e+01 2.583417628513905129e+01 2.583171666752477691e+01 2.583325622545433831e+01 2.583414815652550089e+01 2.583168138312364093e+01 2.583238482392853541e+01 2.583334586221396023e+01 2.583389148702696758e+01 2.583253662549837415e+01 2.583206322918920961e+01 2.583391002008290727e+01 2.583207210906841311e+01 2.583176152226035782e+01 2.583367592057477680e+01 2.583255691900588502e+01 2.583259051319489430e+01 2.583269965899306086e+01 2.583203156590714400e+01 2.583302259568802128e+01 2.583176954132471437e+01 2.583380789373203612e+01 2.583384093619540067e+01 2.583200114133635950e+01 2.583413833131290005e+01 2.583173238504240032e+01 2.583342342037160932e+01 2.583169649373606092e+01 2.583338790531569984e+01 2.583416678341610151e+01 2.583400926891155791e+01 2.583334608118856579e+01 2.583414388996331468e+01 2.583412113929121290e+01
2.583406128616974229e+01 2.583238293249682371e+01 2.583386715890453189e+01 2.583341502216597263e+01 2.583213934271012846e+01 2.583307574542466867e+01 2.583187784524369945e+01 2.583410566869463310e+01 2.583178382469771250e+01 2.583323722613019413e+01 2.583407911323300254e+01 2.583175051610538375e+01 2.583241458129109702e+01 2.583332180775105513e+01 2.583383685708644606e+01 2.583255791007724156e+01 2.583211103546799237e+01 2.583385434246405765e+01 2.583211940522714656e+01 2.583182618961471633e+01 2.583363335151407369e+01 2.583257703272687422e+01 2.583260874911730909e+01 2.583271180460648964e+01 2.583208112042325411e+01 2.583301663368367684e+01 2.583183375585973351e+01 2.583375792448562436e+01 2.583378912297973073e+01 2.583205239257171826e+01 2.583406986962278040e+01 2.583179865122357555e+01 2.583339499252723215e+01 2.583176480629379412e+01 2.583336149946106985e+01 2.583409668284279803e+01 2.583394804186752935e+01 2.583332204361883555e+01 2.583407509874292884e+01 2.583405365050304425e+01
2.583399716171446059e+01 2.583241281195383721e+01 2.583381392567323331e+01 2.583338710041321207e+01 2.583218287936276525e+01 2.583306683434354767e+01 2.583193598710202110e+01 2.583403900615359561e+01 2.583184722358986818e+01 2.583321929131100347e+01 2.583401393578663985e+01 2.583181578020974811e+01 2.583244267390104199e+01 2.583329910076556857e+01 2.583378528615826042e+01 2.583257800418740402e+01 2.583215616667387593e+01 2.583380178249996106e+01 2.583216405486393086e+01 2.583188723806336284e+01 2.583359316632809310e+01 2.583259602152214640e+01 2.583262596522564536e+01 2.583272327131853530e+01 2.583212790200078857e+01 2.583301100639461367e+01 2.583189437683294187e+01 2.583371075336763312e+01 2.583374021111073660e+01 2.583210077589431464e+01 2.583400524121249475e+01 2.583186120900311522e+01 2.583336815698145728e+01 2.583182929589747800e+01 2.583333657271325023e+01 2.583403050728344752e+01 2.583389024313936133e+01 2.583329935257953380e+01 2.583401015924610533e+01 2.583398994054574160e+01
2.583393662774858868e+01 2.583244101982710816e+01 2.583376367327539569e+01 2.583336074262452797e+01 2.583222397994060771e+01 2.583305842305814082e+01 2.583199087533316884e+01 2.583397607617933289e+01 2.583190707457971058e+01 2.583320236141736004e+01 2.583395240778048674e+01 2.583187739200424460e+01 2.583246919494555627e+01 2.583327766583120066e+01 2.583373660300598118e+01 2.583259697446825953e+01 2.583219877254552088e+01 2.583375216568202504e+01 2.583220620612695839e+01 2.583194487017857455e+01 2.583355523158638078e+01 2.583261394836174674e+01 2.583264221860233079e+01 2.583273409713740421e+01 2.583217206586178349e+01 2.583300569509014366e+01 2.583195160540408608e+01 2.583366622373519661e+01 2.583369403818031884e+01 2.583214645184211022e+01 2.583394423151586494e+01 2.583192026596206148e+01 2.583334282459469478e+01 2.583189017654595077e+01 2.583331304227073133e+01 2.583396803703282174e+01 2.583383568080658677e+01 2.583327793270318296e+01 2.583394885587483358e+01 2.583392979787781485e+01
2.583387948329652417e+01 2.583246764968762577e+01 2.583371623485012236e+01 2.583333586124940240e+01 2.583226278080700666e+01 2.583305048359284939e+01 2.583204269206233405e+01 2.583391666983671797e+01 2.583196357626988160e+01 2.583318638019404645e+01 2.583389432492295867e+01 2.583193555593214796e+01 2.583249423240111042e+01 2.583325743174982492e+01 2.583369064598949194e+01 2.583261488382654747e+01 2.583223899444453764e+01 2.583370532726342006e+01 2.583224599886612083e+01 2.583199927719887157e+01 2.583351942130874690e+01 2.583263087268763769e+01 2.583265756314284189e+01 2.583274431794135495e+01 2.583221375854087398e+01 2.583300068207834954e+01 2.583200563147050133e+01 2.583362418773017311e+01 2.583365045086219780e+01 2.583218957196336518e+01 2.583388663795689411e+01 2.583197601806665489e+01 2.583331891122284318e+01 2.583194765025582385e+01 2.583329082997999748e+01 2.583390906468626014e+01 2.583378417370166247e+01 2.583325771283609384e+01 2.583389098508263970e+01 2.583387302281177256e+01
2.583382553861899211e+01 2.583249278986550124e+01 2.583367145287971312e+01 2.583331237364856037e+01 2.583229941069576441e+01 2.583304298954023182e+01 2.583209160922351444e+01 2.583386058988424239e+01 2.583201691614225837e+01 2.583317129453472560e+01 2.583383949436929328e+01 2.583199046499542462e+01 2.583251786931452898e+01 2.583323833129823655e+01 2.583364726250386667e+01 2.583263179165204093e+01 2.583227696582141419e+01 2.583366111171061519e+01 2.583228356510388224e+01 2.583205063965603898e+01 2.583348561656994491e+01 2.583264685062054511e+01 2.583267204972331754e+01 2.583275396759479392e+01 2.583225311836641680e+01 2.583299595066164756e+01 2.583205663429652432e+01 2.583358450577105003e+01 2.583360930442382042e+01 2.583223027932695715e+01 2.583383226930688892e+01 2.583202865031450202e+01 2.583329633743955256e+01 2.583200190773684568e+01 2.583326986205578635e+01 2.583385339443201545e+01 2.583373555080957473e+01 2.583323862580112262e+01 2.583383635471829365e+01 2.583381942684523480e+01
2.583377461459622992e+01 2.583251652375070506e+01 2.583362917866406860e+01 2.583329020180303459e+01 2.583233399113196782e+01 2.583303591596629900e+01 2.583213778912755387e+01 2.583380765011580493e+01 2.583206727118558987e+01 2.583315705431192200e+01 2.583378773406480633e+01 2.583204230139228130e+01 2.583254018408253927e+01 2.583322030101695788e+01 2.583360630848589423e+01 2.583264775400919078e+01 2.583231281265272372e+01 2.583361937220427151e+01 2.583231902947520098e+01 2.583209912797390473e+01 2.583345370511145944e+01 2.583266193513862063e+01 2.583268572636779226e+01 2.583276307806997352e+01 2.583229027592427229e+01 2.583299148508076470e+01 2.583210478311463021e+01 2.583354704608012042e+01 2.583357046223509101e+01 2.583226870899342487e+01 2.583378094505071942e+01 2.583207833734450531e+01 2.583327502825760291e+01 2.583205312902495265e+01 2.583325006883809749e+01 2.583380084142596544e+01 2.583368965067776912e+01 2.583322060818701615e+01 2.583378478339642470e+01 2.583376883201743368e+01
2.583372654214412023e+01 2.583253893006496682e+01 2.583358927182523956e+01 2.583326927205729717e+01 2.583236663683699774e+01 2.583302923933331385e+01 2.583218138499711003e+01 2.583375767475252616e+01 2.583211480848295594e+01 2.583314361220131872e+01 2.583373887214152020e+01 2.583209123712062549e+01 2.583256125071677545e+01 2.583320328100443319e+01 2.583356764794455529e+01 2.583266282382165357e+01 2.583234665386373763e+01 2.583357997014535101e+01 2.583235250963653229e+01 2.583214490303872424e+01 2.583342358095270086e+01 2.583267617625111612e+01 2.583269863841504588e+01 2.583277167955081666e+01 2.583232535449233325e+01 2.583298727045441012e+01 2.583215023768492813e+01 2.583351168426046485e+01 2.583353379530733207e+01 2.583230498846064194e+01 2.583373249476971623e+01 2.583212524402077293e+01 2.583325491288572096e+01 2.583210148407692941e+01 2.583323138457211243e+01 2.583375123117841454e+01 2.583364632088950330e+01 2.583320360013323480e+01 2.583373609988034758e+01 2.583372107032992204e+01
2.583368116164053419e+01 2.583256008312086038e+01 2.583355159984389005e+01 2.583324951488371823e+01 2.583239745611237481e+01 2.583302293742344347e+01 2.583222254147838015e+01 2.583371049785694851e+01 2.583215968576314836e+01 2.583313092352511120e+01 2.583369274635708024e+01 2.583213743455128864e+01 2.583258113908509657e+01 2.583318721470909196e+01 2.583353115249818899e+01 2.583267705105195944e+01 2.583237860172458866e+01 2.583354277468783877e+01 2.583238411665742618e+01 2.583218811673132720e+01 2.583339514404246984e+01 2.583268962116983047e+01 2.583271082866685120e+01 2.583277980052878675e+01 2.583235847044647926e+01 2.583298329273377547e+01 2.583219314882274986e+01 2.583347830288229474e+01 2.583349918187487404e+01 2.583233923809044086e+01 2.583368675758328692e+01 2.583216952598036187e+01 2.583323592449997719e+01 2.583214713333568469e+01 2.583321374718401842e+01 2.583370439896021509e+01 2.583360541756697515e+01 2.583318754512615101e+01 2.583369014251527318e+01 2.583367598319424374e+01
2.583363832239467328e+01 2.583258005307233418e+01 2.583351603761948567e+01 2.583323086464663376e+01 2.583242655119699194e+01 2.583301698926102929e+01 2.583226139512204966e+01 2.583366596277741678e+01 2.583220205192559149e+01 2.583311894610908155e+01 2.583364920355144889e+01 2.583218104696662820e+01 2.583259991514263376e+01 2.583317204874288109e+01 2.583349670094826678e+01 2.583269048286653913e+01 2.583240876221967142e+01 2.583350766231147588e+01 2.583241395539148755e+01 2.583222891242925101e+01 2.583336829993499606e+01 2.583270231446476828e+01 2.583272233752670743e+01 2.583278746790070812e+01 2.583238973364767332e+01 2.583297953865901420e+01 2.583223365890171408e+01 2.583344679108508757e+01 2.583346650699097324e+01 2.583237157150811214e+01 2.583364358162213037e+01 2.583221133014708215e+01 2.583321800001583313e+01 2.583219022826400035e+01 2.583319709807102527e+01 2.583366018926218288e+01 2.583356680488436297e+01 2.583317238981651087e+01 2.583364675869988147e+01 2.583363342089653969e+01
2.583359788215448560e+01 2.583259890614719012e+01 2.583348246705358875e+01 2.583321325938152313e+01 2.583245401860562040e+01 2.583301137504370359e+01 2.583229807483425944e+01 2.583362392163155619e+01 2.583224204753578590e+01 2.583310764014001393e+01 2.583360809913512668e+01 2.583222221906807903e+01 2.583261764115368209e+01 2.583315773270889082e+01 2.583346417888387592e+01 2.583270316379034170e+01 2.583243723540002534e+01 2.583347451641288828e+01 2.583244212482276936e+01 2.583226742548460209e+01 2.583334295947097559e+01 2.583271429820936049e+01 2.583273320313679022e+01 2.583279470705926428e+01 2.583241924780813648e+01 2.583297599571156766e+01 2.583227190232673820e+01 2.583341704421356866e+01 2.583343566214055542e+01 2.583240209597759218e+01 2.583360282351670989e+01 2.583225079522005529e+01 2.583320107987776737e+01 2.583223091184598630e+01 2.583318138191214786e+01 2.583361845528477829e+01 2.583353035461573199e+01 2.583315808384318757e+01 2.583360580437525300e+01 2.583359324210134389e+01
2.583355970663164314e+01 2.583261670486485428e+01 2.583345077665846645e+01 2.583319664059370524e+01 2.583247994945099890e+01 2.583300607607875676e+01 2.583233270230499556e+01 2.583358423481670485e+01 2.583227980529053269e+01 2.583309696803156896e+01 2.583356929661344736e+01 2.583226108745711969e+01 2.583263437589757672e+01 2.583314421903124725e+01 2.583343347829903891e+01 2.583271513585599521e+01 2.583246411571708734e+01 2.583344322691393558e+01 2.583246871839371295e+01 2.583230378367359847e+01 2.583331903847926725e+01 2.583272561212194063e+01 2.583274346150529510e+01 2.583280154197480272e+01 2.583244711083445821e+01 2.583297265207246340e+01 2.583230800597851129e+01 2.583338896347338931e+01 2.583340654488245036e+01 2.583243091275831205e+01 2.583356434792032985e+01 2.583228805213532553e+01 2.583318510786562783e+01 2.583226931906153823e+01 2.583316654648456989e+01 2.583357905844461300e+01 2.583349594571549446e+01 2.583314457966272926e+01 2.583356714354384565e+01 2.583355531338743205e+01
2.583352366905253916e+01 2.583263350824500648e+01 2.583342086118762282e+01 2.583318095306400508e+01 2.583250442974598116e+01 2.583300107471971074e+01 2.583236539241306673e+01 2.583354677054390436e+01 2.583231545045820354e+01 2.583308689430196381e+01 2.583353266713366381e+01 2.583229778108913877e+01 2.583265017486244375e+01 2.583313146279563099e+01 2.583340449723150911e+01 2.583272643874386887e+01 2.583248949233511382e+01 2.583341368989766451e+01 2.583249382431653274e+01 2.583233810761938543e+01 2.583329645750175274e+01 2.583273629369842794e+01 2.583275314662400035e+01 2.583280799527534910e+01 2.583247341515217954e+01 2.583296949658531361e+01 2.583234208963506262e+01 2.583336245559951649e+01 2.583337905851167804e+01 2.583245811744213682e+01 2.583352802706470186e+01 2.583232322449935836e+01 2.583317003090689212e+01 2.583230557733512001e+01 2.583315254248723747e+01 2.583354186791370921e+01 2.583346346391466852e+01 2.583313183239249611e+01 2.583353064782202324e+01 2.583351950880230419e+01
